PRAGMA foreign_keys = OFF;

DELETE FROM users;
INSERT INTO users (`id`, `email`, `is_banned`, `role`, `is_profile_public`, `custom_profile_url`, `created_at`, `updated_at`, `emailVerified`, `image`, `name`, `password`, `must_change_password`, `display_name`, `deleted_at`) VALUES ('542b980d-ac40-4413-a1b3-4bc12042c9ce', 'local.driver.b@example.com', 0, 'USER', 0, 'local-driver-b', '2026-04-06T14:44:48.886Z', '2026-05-19T04:16:30.129Z', NULL, NULL, NULL, NULL, 0, 'サンプルドライバーB', NULL);
INSERT INTO users (`id`, `email`, `is_banned`, `role`, `is_profile_public`, `custom_profile_url`, `created_at`, `updated_at`, `emailVerified`, `image`, `name`, `password`, `must_change_password`, `display_name`, `deleted_at`) VALUES ('6fc88f9b-9a53-4392-a5b7-97c76dcc4460', 'local.driver.a@example.com', 0, 'USER', 0, 'local-driver-a', '2026-04-06T14:44:48.881Z', '2026-05-19T04:16:30.126Z', NULL, NULL, NULL, NULL, 0, 'サンプルドライバーA', NULL);
INSERT INTO users (`id`, `email`, `is_banned`, `role`, `is_profile_public`, `custom_profile_url`, `created_at`, `updated_at`, `emailVerified`, `image`, `name`, `password`, `must_change_password`, `display_name`, `deleted_at`) VALUES ('8721f26a-5370-4215-bd7b-577879ef425c', 'organizer@itasha-portal.com', 0, 'ADMIN', 0, 'local-organizer', '2026-04-06T14:44:48.875Z', '2026-05-19T04:16:30.115Z', NULL, NULL, NULL, NULL, 0, 'ローカル主催者', NULL);
INSERT INTO users (`id`, `email`, `is_banned`, `role`, `is_profile_public`, `custom_profile_url`, `created_at`, `updated_at`, `emailVerified`, `image`, `name`, `password`, `must_change_password`, `display_name`, `deleted_at`) VALUES ('8a703750-3e3c-4e3b-ba71-65a25fcc0316', 'kumampet@gmail.com', 0, 'USER', 0, NULL, '2026-04-06T14:45:30.266Z', '2026-04-06T14:45:30.266Z', NULL, 'https://lh3.googleusercontent.com/a/ACg8ocL76XM47zynYh1KfTqCPPrHDtD2TRmxMFCI4HqrQhZWmRcP2XuQ3w=s96-c', 'Kumampet', NULL, 0, NULL, NULL);
INSERT INTO users (`id`, `email`, `is_banned`, `role`, `is_profile_public`, `custom_profile_url`, `created_at`, `updated_at`, `emailVerified`, `image`, `name`, `password`, `must_change_password`, `display_name`, `deleted_at`) VALUES ('bcc12152-011d-4421-b36d-2977240301f3', 'itashaownersnavi@gmail.com', 0, 'ADMIN', 0, NULL, '2026-04-06T14:45:43.742Z', '2026-05-19T04:16:30.123Z', NULL, 'https://lh3.googleusercontent.com/a/ACg8ocKZY3E_hr6YFSiiQnyiiD1-VldXZYJwVhk37s4_UyVA3v5aBUo=s96-c', '痛車オーナーズナビ', NULL, 0, NULL, NULL);
INSERT INTO users (`id`, `email`, `is_banned`, `role`, `is_profile_public`, `custom_profile_url`, `created_at`, `updated_at`, `emailVerified`, `image`, `name`, `password`, `must_change_password`, `display_name`, `deleted_at`) VALUES ('cbb3aa44-fb78-4834-b9a2-a2fee765e1c0', 'local.group.leader@example.com', 0, 'USER', 0, 'local-group-leader', '2026-04-06T14:44:48.890Z', '2026-05-19T04:16:30.131Z', NULL, NULL, NULL, NULL, 0, '団体リーダー', NULL);

DELETE FROM accounts;
-- 修正例 (access_token と id_token を NULL に変更)
INSERT INTO accounts (`id`, `userId`, `type`, `provider`, `providerAccountId`, `refresh_token`, `access_token`, `expires_at`, `token_type`, `scope`, `id_token`, `session_state`) 
VALUES ('8b8cc972-bafb-4df5-8271-655499e1c719', '8a703750-3e3c-4e3b-ba71-65a25fcc0316', 'oidc', 'google', '107216200648699740253', NULL, NULL, 1775522729, 'bearer', 'https://www.googleapis.com/auth/userinfo.email openid https://www.googleapis.com/auth/userinfo.profile', NULL, NULL);
INSERT INTO accounts (`id`, `userId`, `type`, `provider`, `providerAccountId`, `refresh_token`, `access_token`, `expires_at`, `token_type`, `scope`, `id_token`, `session_state`) 
VALUES ('95bd1c4a-1012-42c4-84b7-dca87d992155', 'bcc12152-011d-4421-b36d-2977240301f3', 'oidc', 'google', '114541123076619149481', NULL, NULL, 1775522742, 'bearer', 'openid https://www.googleapis.com/auth/userinfo.profile https://www.googleapis.com/auth/userinfo.email', NULL, NULL);
DELETE FROM sessions;

DELETE FROM verification_tokens;

DELETE FROM events;
INSERT INTO events (`id`, `name`, `description`, `event_date`, `approval_status`, `created_at`, `updated_at`, `city`, `postal_code`, `prefecture`, `street_address`, `venue_name`, `event_end_date`, `image_url`, `is_multi_day`, `keywords`, `official_urls`, `payment_methods`, `created_by_user_id`, `entry_selection_method`, `max_participants`) VALUES ('054df633-f0d0-41bc-b220-0c92f3e381d6', '痛車ナイト 40', '遠征・併せ歓迎のミーティング形式。撮影エリアあり。', '2027-01-22T18:07:00.000Z', 'PENDING', '2026-05-19T04:16:30.259Z', '2026-05-19T04:16:30.259Z', '中央区', NULL, '千葉県', '4丁目2番', 'ポートメッセなごや', NULL, NULL, 0, '[""痛車"",""イベント""]', '[]', NULL, '8721f26a-5370-4215-bd7b-577879ef425c', 'FIRST_COME', 221);
INSERT INTO events (`id`, `name`, `description`, `event_date`, `approval_status`, `created_at`, `updated_at`, `city`, `postal_code`, `prefecture`, `street_address`, `venue_name`, `event_end_date`, `image_url`, `is_multi_day`, `keywords`, `official_urls`, `payment_methods`, `created_by_user_id`, `entry_selection_method`, `max_participants`) VALUES ('185d1b47-bdbe-40b1-9b4e-30ee546cee85', '痛車祭 29', '初心者から上級者まで参加可能な交流イベントです。', '2026-12-14T22:21:00.000Z', 'PENDING', '2026-05-19T04:16:30.232Z', '2026-05-19T04:16:30.232Z', '大阪市', NULL, '兵庫県', '4丁目11番', 'パシフィコ横浜', NULL, NULL, 0, '[""痛車"",""イベント""]', '[]', NULL, '8721f26a-5370-4215-bd7b-577879ef425c', 'FIRST_COME', 103);
INSERT INTO events (`id`, `name`, `description`, `event_date`, `approval_status`, `created_at`, `updated_at`, `city`, `postal_code`, `prefecture`, `street_address`, `venue_name`, `event_end_date`, `image_url`, `is_multi_day`, `keywords`, `official_urls`, `payment_methods`, `created_by_user_id`, `entry_selection_method`, `max_participants`) VALUES ('204c180c-49fc-4732-9efc-eb9940e06401', '痛車ミーティング 45', '最新の痛車デザインが集まるイベントです。エントリーは先着順です。', '2026-06-12T22:33:00.000Z', 'APPROVED', '2026-05-19T04:16:30.270Z', '2026-05-19T04:16:30.270Z', '名古屋市', NULL, '岐阜県', NULL, NULL, NULL, NULL, 0, '[""痛車"",""イベント""]', '[]', NULL, '8721f26a-5370-4215-bd7b-577879ef425c', 'FIRST_COME', 213);
INSERT INTO events (`id`, `name`, `description`, `event_date`, `approval_status`, `created_at`, `updated_at`, `city`, `postal_code`, `prefecture`, `street_address`, `venue_name`, `event_end_date`, `image_url`, `is_multi_day`, `keywords`, `official_urls`, `payment_methods`, `created_by_user_id`, `entry_selection_method`, `max_participants`) VALUES ('223816a8-ce3f-4ac5-ba2b-68514d5c948f', '痛車ミーティング 19', '最新の痛車デザインが集まるイベントです。エントリーは先着順です。', '2027-05-14T21:50:00.000Z', 'APPROVED', '2026-05-19T04:16:30.209Z', '2026-05-19T04:16:30.209Z', '港区', '178-6877', '宮城県', '3丁目6番', NULL, NULL, NULL, 0, '[""痛車"",""イベント""]', '[]', NULL, '8721f26a-5370-4215-bd7b-577879ef425c', 'FIRST_COME', 167);
INSERT INTO events (`id`, `name`, `description`, `event_date`, `approval_status`, `created_at`, `updated_at`, `city`, `postal_code`, `prefecture`, `street_address`, `venue_name`, `event_end_date`, `image_url`, `is_multi_day`, `keywords`, `official_urls`, `payment_methods`, `created_by_user_id`, `entry_selection_method`, `max_participants`) VALUES ('23f78a2b-701c-4fff-8013-73154e6bb679', '【サンプル】全国痛車オーナーズフェスタ（複数日開催・開催中）', '複数日開催イベントの「開催中」バッジ確認用サンプルデータです。昨日から始まり明後日まで開催されます。\n複数日開催イベントの「開催中」バッジ確認用サンプルデータです。昨日から始まり明後日まで開催されます。\n複数日開催イベントの「開催中」バッジ確認用サンプルデータです。昨日から始まり明後日まで開催されます。', '2026-05-17T06:00:00.000Z', 'APPROVED', '2026-05-19T04:16:30.287Z', '2026-05-19T06:03:08.321Z', '江東区', NULL, '東京都', NULL, '東京ビッグサイト', '2026-05-20T06:00:00.000Z', NULL, 1, '[""痛車"",""複数日"",""開催中""]', '[""""]', NULL, '8721f26a-5370-4215-bd7b-577879ef425c', 'FIRST_COME', NULL);
INSERT INTO events (`id`, `name`, `description`, `event_date`, `approval_status`, `created_at`, `updated_at`, `city`, `postal_code`, `prefecture`, `street_address`, `venue_name`, `event_end_date`, `image_url`, `is_multi_day`, `keywords`, `official_urls`, `payment_methods`, `created_by_user_id`, `entry_selection_method`, `max_participants`) VALUES ('24fb8e74-4342-44bb-9cd5-d9ee5fecc866', '痛車祭 28', '遠征・併せ歓迎のミーティング形式。撮影エリアあり。', '2026-10-21T21:15:00.000Z', 'APPROVED', '2026-05-19T04:16:30.230Z', '2026-05-19T04:16:30.230Z', '中央区', NULL, '静岡県', '2丁目10番', 'パシフィコ横浜', NULL, NULL, 0, '[""痛車"",""イベント""]', '[]', NULL, '8721f26a-5370-4215-bd7b-577879ef425c', 'FIRST_COME', NULL);
INSERT INTO events (`id`, `name`, `description`, `event_date`, `approval_status`, `created_at`, `updated_at`, `city`, `postal_code`, `prefecture`, `street_address`, `venue_name`, `event_end_date`, `image_url`, `is_multi_day`, `keywords`, `official_urls`, `payment_methods`, `created_by_user_id`, `entry_selection_method`, `max_participants`) VALUES ('26207a50-e385-468f-ab37-7e30fe3b60c5', '痛車ミーティング 8', '初心者から上級者まで参加可能な交流イベントです。', '2026-09-24T17:16:00.000Z', 'DRAFT', '2026-05-19T04:16:30.182Z', '2026-05-19T04:16:30.182Z', '渋谷区', '180-3987', '静岡県', '2丁目14番', '東京ビッグサイト', NULL, NULL, 0, '[""痛車"",""イベント""]', '[]', NULL, '8721f26a-5370-4215-bd7b-577879ef425c', 'FIRST_COME', NULL);
INSERT INTO events (`id`, `name`, `description`, `event_date`, `approval_status`, `created_at`, `updated_at`, `city`, `postal_code`, `prefecture`, `street_address`, `venue_name`, `event_end_date`, `image_url`, `is_multi_day`, `keywords`, `official_urls`, `payment_methods`, `created_by_user_id`, `entry_selection_method`, `max_participants`) VALUES ('2665915a-5e17-444d-a5ef-af0bab248acb', '痛車ミーティング 26', '展示と物販を中心とした大規模フェス。駐車場は事前予約推奨。', '2027-01-02T22:09:00.000Z', 'APPROVED', '2026-05-19T04:16:30.226Z', '2026-05-19T04:16:30.226Z', '札幌市', '682-3206', '鳥取県', '2丁目2番', 'パシフィコ横浜', NULL, NULL, 0, '[""痛車"",""イベント""]', '[]', NULL, '8721f26a-5370-4215-bd7b-577879ef425c', 'FIRST_COME', 151);
INSERT INTO events (`id`, `name`, `description`, `event_date`, `approval_status`, `created_at`, `updated_at`, `city`, `postal_code`, `prefecture`, `street_address`, `venue_name`, `event_end_date`, `image_url`, `is_multi_day`, `keywords`, `official_urls`, `payment_methods`, `created_by_user_id`, `entry_selection_method`, `max_participants`) VALUES ('277b59d2-3b00-4794-9f10-a0bc1549aaf6', '痛車フェス 13', '遠征・併せ歓迎のミーティング形式。撮影エリアあり。', '2026-08-28T22:38:00.000Z', 'PENDING', '2026-05-19T04:16:30.196Z', '2026-05-19T04:16:30.196Z', '大阪市', NULL, '岐阜県', '1丁目7番', '東京ビッグサイト', NULL, NULL, 0, '[""痛車"",""イベント""]', '[]', NULL, '8721f26a-5370-4215-bd7b-577879ef425c', 'FIRST_COME', 224);
INSERT INTO events (`id`, `name`, `description`, `event_date`, `approval_status`, `created_at`, `updated_at`, `city`, `postal_code`, `prefecture`, `street_address`, `venue_name`, `event_end_date`, `image_url`, `is_multi_day`, `keywords`, `official_urls`, `payment_methods`, `created_by_user_id`, `entry_selection_method`, `max_participants`) VALUES ('27a4e0f9-900d-4637-8f5e-31a1938ce01f', '痛車祭 15', '遠征・併せ歓迎のミーティング形式。撮影エリアあり。', '2027-04-14T19:29:00.000Z', 'APPROVED', '2026-05-19T04:16:30.200Z', '2026-05-19T04:16:30.200Z', '新宿区', NULL, '群馬県', '3丁目15番', '東京ビッグサイト', NULL, NULL, 0, '[""痛車"",""イベント""]', '[]', NULL, '8721f26a-5370-4215-bd7b-577879ef425c', 'FIRST_COME', NULL);
INSERT INTO events (`id`, `name`, `description`, `event_date`, `approval_status`, `created_at`, `updated_at`, `city`, `postal_code`, `prefecture`, `street_address`, `venue_name`, `event_end_date`, `image_url`, `is_multi_day`, `keywords`, `official_urls`, `payment_methods`, `created_by_user_id`, `entry_selection_method`, `max_participants`) VALUES ('2e71dc14-d26c-4c31-ba14-bfc3d7226e8a', '痛車ナイト 41', '初心者から上級者まで参加可能な交流イベントです。', '2027-06-12T22:23:00.000Z', 'PENDING', '2026-05-19T04:16:30.261Z', '2026-05-19T04:16:30.261Z', '大阪市', '518-8500', '群馬県', '2丁目1番', 'パシフィコ横浜', NULL, NULL, 0, '[""痛車"",""イベント""]', '[]', NULL, '8721f26a-5370-4215-bd7b-577879ef425c', 'FIRST_COME', 96);
INSERT INTO events (`id`, `name`, `description`, `event_date`, `approval_status`, `created_at`, `updated_at`, `city`, `postal_code`, `prefecture`, `street_address`, `venue_name`, `event_end_date`, `image_url`, `is_multi_day`, `keywords`, `official_urls`, `payment_methods`, `created_by_user_id`, `entry_selection_method`, `max_participants`) VALUES ('2e965cf2-458c-43f1-aad2-8950ac240bd0', '痛車ミーティング 3', '初心者から上級者まで参加可能な交流イベントです。', '2026-09-24T21:57:00.000Z', 'APPROVED', '2026-05-19T04:16:30.165Z', '2026-05-19T04:16:30.165Z', '渋谷区', NULL, '三重県', '3丁目1番', NULL, NULL, NULL, 0, '[""痛車"",""イベント""]', '[]', NULL, '8721f26a-5370-4215-bd7b-577879ef425c', 'FIRST_COME', NULL);
INSERT INTO events (`id`, `name`, `description`, `event_date`, `approval_status`, `created_at`, `updated_at`, `city`, `postal_code`, `prefecture`, `street_address`, `venue_name`, `event_end_date`, `image_url`, `is_multi_day`, `keywords`, `official_urls`, `payment_methods`, `created_by_user_id`, `entry_selection_method`, `max_participants`) VALUES ('32a6fa4f-00ef-4c58-9e0a-f30f38fa02a8', '痛車ショー 47', '最新の痛車デザインが集まるイベントです。エントリーは先着順です。', '2026-07-23T21:55:00.000Z', 'APPROVED', '2026-05-19T04:16:30.274Z', '2026-05-19T04:16:30.274Z', '横浜市', '117-2475', '山梨県', NULL, '東京ビッグサイト', NULL, NULL, 0, '[""痛車"",""イベント""]', '[]', NULL, '8721f26a-5370-4215-bd7b-577879ef425c', 'FIRST_COME', 94);
INSERT INTO events (`id`, `name`, `description`, `event_date`, `approval_status`, `created_at`, `updated_at`, `city`, `postal_code`, `prefecture`, `street_address`, `venue_name`, `event_end_date`, `image_url`, `is_multi_day`, `keywords`, `official_urls`, `payment_methods`, `created_by_user_id`, `entry_selection_method`, `max_participants`) VALUES ('3a42dcfe-ff4f-4728-9eb2-ac8342caaf08', '痛車ミーティング 43', '最新の痛車デザインが集まるイベントです。エントリーは先着順です。', '2027-01-13T20:11:00.000Z', 'PENDING', '2026-05-19T04:16:30.265Z', '2026-05-19T04:16:30.265Z', '中央区', '360-7514', '長野県', NULL, 'パシフィコ横浜', NULL, NULL, 0, '[""痛車"",""イベント""]', '[]', NULL, '8721f26a-5370-4215-bd7b-577879ef425c', 'FIRST_COME', 238);
INSERT INTO events (`id`, `name`, `description`, `event_date`, `approval_status`, `created_at`, `updated_at`, `city`, `postal_code`, `prefecture`, `street_address`, `venue_name`, `event_end_date`, `image_url`, `is_multi_day`, `keywords`, `official_urls`, `payment_methods`, `created_by_user_id`, `entry_selection_method`, `max_participants`) VALUES ('3d3ceab8-724e-4d35-90cb-2f99baa82fec', '痛車祭 20', '展示と物販を中心とした大規模フェス。駐車場は事前予約推奨。', '2026-07-16T22:56:00.000Z', 'PENDING', '2026-05-19T04:16:30.212Z', '2026-05-19T04:16:30.212Z', '新宿区', '480-3688', '栃木県', NULL, 'ポートメッセなごや', NULL, NULL, 0, '[""痛車"",""イベント""]', '[]', NULL, '8721f26a-5370-4215-bd7b-577879ef425c', 'FIRST_COME', 166);
INSERT INTO events (`id`, `name`, `description`, `event_date`, `approval_status`, `created_at`, `updated_at`, `city`, `postal_code`, `prefecture`, `street_address`, `venue_name`, `event_end_date`, `image_url`, `is_multi_day`, `keywords`, `official_urls`, `payment_methods`, `created_by_user_id`, `entry_selection_method`, `max_participants`) VALUES ('3eede212-a773-4172-a974-c72821bd6dd2', '痛車ショー 14', '遠征・併せ歓迎のミーティング形式。撮影エリアあり。', '2026-12-19T16:47:00.000Z', 'APPROVED', '2026-05-19T04:16:30.198Z', '2026-05-19T04:16:30.198Z', '世田谷区', '149-4792', '山梨県', '2丁目5番', 'ポートメッセなごや', NULL, NULL, 0, '[""痛車"",""イベント""]', '[]', NULL, '8721f26a-5370-4215-bd7b-577879ef425c', 'FIRST_COME', NULL);
INSERT INTO events (`id`, `name`, `description`, `event_date`, `approval_status`, `created_at`, `updated_at`, `city`, `postal_code`, `prefecture`, `street_address`, `venue_name`, `event_end_date`, `image_url`, `is_multi_day`, `keywords`, `official_urls`, `payment_methods`, `created_by_user_id`, `entry_selection_method`, `max_participants`) VALUES ('3fdcba25-eeef-4e20-bec4-281522a0c615', '痛車祭 5', '遠征・併せ歓迎のミーティング形式。撮影エリアあり。', '2027-04-22T20:42:00.000Z', 'APPROVED', '2026-05-19T04:16:30.173Z', '2026-05-19T04:16:30.173Z', '福岡市', NULL, '群馬県', '3丁目3番', '東京ビッグサイト', NULL, NULL, 0, '[""痛車"",""イベント""]', '[]', NULL, '8721f26a-5370-4215-bd7b-577879ef425c', 'FIRST_COME', NULL);
INSERT INTO events (`id`, `name`, `description`, `event_date`, `approval_status`, `created_at`, `updated_at`, `city`, `postal_code`, `prefecture`, `street_address`, `venue_name`, `event_end_date`, `image_url`, `is_multi_day`, `keywords`, `official_urls`, `payment_methods`, `created_by_user_id`, `entry_selection_method`, `max_participants`) VALUES ('407ea800-050a-4a53-b85d-f64367bcdcd3', '痛車フェス 44', '最新の痛車デザインが集まるイベントです。エントリーは先着順です。', '2027-02-24T18:42:00.000Z', 'APPROVED', '2026-05-19T04:16:30.267Z', '2026-05-19T04:16:30.267Z', '福岡市', '438-3471', '山梨県', NULL, 'ポートメッセなごや', NULL, NULL, 0, '[""痛車"",""イベント""]', '[]', NULL, '8721f26a-5370-4215-bd7b-577879ef425c', 'FIRST_COME', 176);
INSERT INTO events (`id`, `name`, `description`, `event_date`, `approval_status`, `created_at`, `updated_at`, `city`, `postal_code`, `prefecture`, `street_address`, `venue_name`, `event_end_date`, `image_url`, `is_multi_day`, `keywords`, `official_urls`, `payment_methods`, `created_by_user_id`, `entry_selection_method`, `max_participants`) VALUES ('47c32ab8-13a1-4656-91a1-2e2224ca9b57', '痛車ショー 17', '展示と物販を中心とした大規模フェス。駐車場は事前予約推奨。', '2027-01-15T19:58:00.000Z', 'DRAFT', '2026-05-19T04:16:30.204Z', '2026-05-19T04:16:30.204Z', '世田谷区', NULL, '滋賀県', '3丁目3番', NULL, NULL, NULL, 0, '[""痛車"",""イベント""]', '[]', NULL, '8721f26a-5370-4215-bd7b-577879ef425c', 'FIRST_COME', NULL);
INSERT INTO events (`id`, `name`, `description`, `event_date`, `approval_status`, `created_at`, `updated_at`, `city`, `postal_code`, `prefecture`, `street_address`, `venue_name`, `event_end_date`, `image_url`, `is_multi_day`, `keywords`, `official_urls`, `payment_methods`, `created_by_user_id`, `entry_selection_method`, `max_participants`) VALUES ('52d852db-e9de-44f1-9914-8bc53297146a', '痛車祭 2', '初心者から上級者まで参加可能な交流イベントです。', '2027-06-06T21:01:00.000Z', 'PENDING', '2026-05-19T04:16:30.159Z', '2026-05-19T04:16:30.159Z', '大阪市', '803-1502', '佐賀県', '3丁目7番', 'パシフィコ横浜', NULL, NULL, 0, '[""痛車"",""イベント""]', '[]', NULL, '8721f26a-5370-4215-bd7b-577879ef425c', 'FIRST_COME', 200);
INSERT INTO events (`id`, `name`, `description`, `event_date`, `approval_status`, `created_at`, `updated_at`, `city`, `postal_code`, `prefecture`, `street_address`, `venue_name`, `event_end_date`, `image_url`, `is_multi_day`, `keywords`, `official_urls`, `payment_methods`, `created_by_user_id`, `entry_selection_method`, `max_participants`) VALUES ('53315ee3-8cda-4b0d-a9c1-1c6a22f2896f', '痛車ナイト 9', '初心者から上級者まで参加可能な交流イベントです。', '2027-01-05T20:07:00.000Z', 'PENDING', '2026-05-19T04:16:30.184Z', '2026-05-19T04:16:30.184Z', '横浜市', '586-7799', '岩手県', '2丁目3番', '幕張メッセ', NULL, NULL, 0, '[""痛車"",""イベント""]', '[]', NULL, '8721f26a-5370-4215-bd7b-577879ef425c', 'FIRST_COME', NULL);
INSERT INTO events (`id`, `name`, `description`, `event_date`, `approval_status`, `created_at`, `updated_at`, `city`, `postal_code`, `prefecture`, `street_address`, `venue_name`, `event_end_date`, `image_url`, `is_multi_day`, `keywords`, `official_urls`, `payment_methods`, `created_by_user_id`, `entry_selection_method`, `max_participants`) VALUES ('5863bafb-dddd-4db8-a3b6-c36ca059b37f', '痛車フェス 46', '遠征・併せ歓迎のミーティング形式。撮影エリアあり。', '2027-04-22T19:00:00.000Z', 'PENDING', '2026-05-19T04:16:30.272Z', '2026-05-19T04:16:30.272Z', '名古屋市', '494-1527', '東京都', NULL, '東京ビッグサイト', NULL, NULL, 0, '[""痛車"",""イベント""]', '[]', NULL, '8721f26a-5370-4215-bd7b-577879ef425c', 'FIRST_COME', 221);
INSERT INTO events (`id`, `name`, `description`, `event_date`, `approval_status`, `created_at`, `updated_at`, `city`, `postal_code`, `prefecture`, `street_address`, `venue_name`, `event_end_date`, `image_url`, `is_multi_day`, `keywords`, `official_urls`, `payment_methods`, `created_by_user_id`, `entry_selection_method`, `max_participants`) VALUES ('59bb2836-052b-4200-bd2a-854200d2c3c4', '痛車ミーティング 12', '最新の痛車デザインが集まるイベントです。エントリーは先着順です。', '2026-09-24T17:30:00.000Z', 'DRAFT', '2026-05-19T04:16:30.193Z', '2026-05-19T04:16:30.193Z', '中央区', NULL, '長崎県', '2丁目7番', 'インテックス大阪', NULL, NULL, 0, '[""痛車"",""イベント""]', '[]', NULL, '8721f26a-5370-4215-bd7b-577879ef425c', 'FIRST_COME', NULL);
INSERT INTO events (`id`, `name`, `description`, `event_date`, `approval_status`, `created_at`, `updated_at`, `city`, `postal_code`, `prefecture`, `street_address`, `venue_name`, `event_end_date`, `image_url`, `is_multi_day`, `keywords`, `official_urls`, `payment_methods`, `created_by_user_id`, `entry_selection_method`, `max_participants`) VALUES ('5f9e448d-e0f8-44d1-be69-ff53d22718d7', '痛車ミーティング 23', '最新の痛車デザインが集まるイベントです。エントリーは先着順です。', '2027-04-11T18:42:00.000Z', 'DRAFT', '2026-05-19T04:16:30.220Z', '2026-05-19T04:16:30.220Z', '港区', NULL, '千葉県', '3丁目2番', 'パシフィコ横浜', NULL, NULL, 0, '[""痛車"",""イベント""]', '[]', NULL, '8721f26a-5370-4215-bd7b-577879ef425c', 'FIRST_COME', 227);
INSERT INTO events (`id`, `name`, `description`, `event_date`, `approval_status`, `created_at`, `updated_at`, `city`, `postal_code`, `prefecture`, `street_address`, `venue_name`, `event_end_date`, `image_url`, `is_multi_day`, `keywords`, `official_urls`, `payment_methods`, `created_by_user_id`, `entry_selection_method`, `max_participants`) VALUES ('6d6a5ec7-d1c0-4a70-b2a7-5a3bf0e02c9e', '痛車フェス 36', '初心者から上級者まで参加可能な交流イベントです。', '2027-02-05T15:57:00.000Z', 'DRAFT', '2026-05-19T04:16:30.249Z', '2026-05-19T04:16:30.249Z', '大阪市', '453-5714', '宮崎県', NULL, '東京ビッグサイト', NULL, NULL, 0, '[""痛車"",""イベント""]', '[]', NULL, '8721f26a-5370-4215-bd7b-577879ef425c', 'FIRST_COME', NULL);
INSERT INTO events (`id`, `name`, `description`, `event_date`, `approval_status`, `created_at`, `updated_at`, `city`, `postal_code`, `prefecture`, `street_address`, `venue_name`, `event_end_date`, `image_url`, `is_multi_day`, `keywords`, `official_urls`, `payment_methods`, `created_by_user_id`, `entry_selection_method`, `max_participants`) VALUES ('7105de81-654e-4f95-b6c3-d962f939d469', '痛車祭 35', '遠征・併せ歓迎のミーティング形式。撮影エリアあり。', '2027-03-12T16:24:00.000Z', 'APPROVED', '2026-05-19T04:16:30.247Z', '2026-05-19T04:16:30.247Z', '名古屋市', '347-2732', '福井県', '1丁目12番', NULL, NULL, NULL, 0, '[""痛車"",""イベント""]', '[]', NULL, '8721f26a-5370-4215-bd7b-577879ef425c', 'FIRST_COME', 55);
INSERT INTO events (`id`, `name`, `description`, `event_date`, `approval_status`, `created_at`, `updated_at`, `city`, `postal_code`, `prefecture`, `street_address`, `venue_name`, `event_end_date`, `image_url`, `is_multi_day`, `keywords`, `official_urls`, `payment_methods`, `created_by_user_id`, `entry_selection_method`, `max_participants`) VALUES ('7301bd1b-a9ae-4e00-aa17-7677b6921ae8', '痛車ナイト 50', '最新の痛車デザインが集まるイベントです。エントリーは先着順です。', '2027-05-23T16:29:00.000Z', 'APPROVED', '2026-05-19T04:16:30.284Z', '2026-05-19T04:16:30.284Z', '福岡市', '464-6600', '秋田県', '3丁目2番', 'インテックス大阪', NULL, NULL, 0, '[""痛車"",""イベント""]', '[]', NULL, '8721f26a-5370-4215-bd7b-577879ef425c', 'FIRST_COME', NULL);
INSERT INTO events (`id`, `name`, `description`, `event_date`, `approval_status`, `created_at`, `updated_at`, `city`, `postal_code`, `prefecture`, `street_address`, `venue_name`, `event_end_date`, `image_url`, `is_multi_day`, `keywords`, `official_urls`, `payment_methods`, `created_by_user_id`, `entry_selection_method`, `max_participants`) VALUES ('754d7b22-af6f-4308-a47c-52b5358ff29b', '痛車ナイト 32', '最新の痛車デザインが集まるイベントです。エントリーは先着順です。', '2026-07-06T16:15:00.000Z', 'DRAFT', '2026-05-19T04:16:30.240Z', '2026-05-19T04:16:30.240Z', '世田谷区', '262-1159', '宮崎県', NULL, '東京ビッグサイト', NULL, NULL, 0, '[""痛車"",""イベント""]', '[]', NULL, '8721f26a-5370-4215-bd7b-577879ef425c', 'FIRST_COME', NULL);
INSERT INTO events (`id`, `name`, `description`, `event_date`, `approval_status`, `created_at`, `updated_at`, `city`, `postal_code`, `prefecture`, `street_address`, `venue_name`, `event_end_date`, `image_url`, `is_multi_day`, `keywords`, `official_urls`, `payment_methods`, `created_by_user_id`, `entry_selection_method`, `max_participants`) VALUES ('7d1a5cdb-4dce-4aed-ba7d-b1380ab5b293', '痛車祭 42', '初心者から上級者まで参加可能な交流イベントです。', '2026-10-14T21:59:00.000Z', 'DRAFT', '2026-05-19T04:16:30.263Z', '2026-05-19T04:16:30.263Z', '新宿区', '152-8254', '岩手県', NULL, 'パシフィコ横浜', NULL, NULL, 0, '[""痛車"",""イベント""]', '[]', NULL, '8721f26a-5370-4215-bd7b-577879ef425c', 'FIRST_COME', 83);
INSERT INTO events (`id`, `name`, `description`, `event_date`, `approval_status`, `created_at`, `updated_at`, `city`, `postal_code`, `prefecture`, `street_address`, `venue_name`, `event_end_date`, `image_url`, `is_multi_day`, `keywords`, `official_urls`, `payment_methods`, `created_by_user_id`, `entry_selection_method`, `max_participants`) VALUES ('81bb3637-1f30-43ec-9002-30222c421878', '痛車ナイト 25', '最新の痛車デザインが集まるイベントです。エントリーは先着順です。', '2027-05-06T18:55:00.000Z', 'PENDING', '2026-05-19T04:16:30.224Z', '2026-05-19T04:16:30.224Z', '世田谷区', '682-1858', '岡山県', '2丁目13番', NULL, NULL, NULL, 0, '[""痛車"",""イベント""]', '[]', NULL, '8721f26a-5370-4215-bd7b-577879ef425c', 'FIRST_COME', NULL);
INSERT INTO events (`id`, `name`, `description`, `event_date`, `approval_status`, `created_at`, `updated_at`, `city`, `postal_code`, `prefecture`, `street_address`, `venue_name`, `event_end_date`, `image_url`, `is_multi_day`, `keywords`, `official_urls`, `payment_methods`, `created_by_user_id`, `entry_selection_method`, `max_participants`) VALUES ('8c11743e-1e32-4480-b9af-0745b2a5105d', '痛車ミーティング 16', '展示と物販を中心とした大規模フェス。駐車場は事前予約推奨。', '2027-03-06T21:39:00.000Z', 'PENDING', '2026-05-19T04:16:30.202Z', '2026-05-19T04:16:30.202Z', '札幌市', NULL, '三重県', '3丁目13番', '東京ビッグサイト', NULL, NULL, 0, '[""痛車"",""イベント""]', '[]', NULL, '8721f26a-5370-4215-bd7b-577879ef425c', 'FIRST_COME', NULL);
INSERT INTO events (`id`, `name`, `description`, `event_date`, `approval_status`, `created_at`, `updated_at`, `city`, `postal_code`, `prefecture`, `street_address`, `venue_name`, `event_end_date`, `image_url`, `is_multi_day`, `keywords`, `official_urls`, `payment_methods`, `created_by_user_id`, `entry_selection_method`, `max_participants`) VALUES ('8f021892-148f-4116-b561-ba160b8d5538', '痛車ミーティング 48', '最新の痛車デザインが集まるイベントです。エントリーは先着順です。', '2026-07-03T21:00:00.000Z', 'DRAFT', '2026-05-19T04:16:30.277Z', '2026-05-19T04:16:30.277Z', '福岡市', '276-3027', '山梨県', NULL, 'インテックス大阪', NULL, NULL, 0, '[""痛車"",""イベント""]', '[]', NULL, '8721f26a-5370-4215-bd7b-577879ef425c', 'FIRST_COME', NULL);
INSERT INTO events (`id`, `name`, `description`, `event_date`, `approval_status`, `created_at`, `updated_at`, `city`, `postal_code`, `prefecture`, `street_address`, `venue_name`, `event_end_date`, `image_url`, `is_multi_day`, `keywords`, `official_urls`, `payment_methods`, `created_by_user_id`, `entry_selection_method`, `max_participants`) VALUES ('9548fbe0-35d2-42dc-9f04-80bebe895fe5', '痛車フェス 34', '初心者から上級者まで参加可能な交流イベントです。', '2026-08-14T15:58:00.000Z', 'PENDING', '2026-05-19T04:16:30.245Z', '2026-05-19T04:16:30.245Z', '札幌市', '266-9312', '福岡県', '3丁目12番', NULL, NULL, NULL, 0, '[""痛車"",""イベント""]', '[]', NULL, '8721f26a-5370-4215-bd7b-577879ef425c', 'FIRST_COME', NULL);
INSERT INTO events (`id`, `name`, `description`, `event_date`, `approval_status`, `created_at`, `updated_at`, `city`, `postal_code`, `prefecture`, `street_address`, `venue_name`, `event_end_date`, `image_url`, `is_multi_day`, `keywords`, `official_urls`, `payment_methods`, `created_by_user_id`, `entry_selection_method`, `max_participants`) VALUES ('9650ed90-3440-4935-a27c-bc15e6336064', '痛車フェス 49', '初心者から上級者まで参加可能な交流イベントです。', '2027-05-30T18:16:00.000Z', 'DRAFT', '2026-05-19T04:16:30.279Z', '2026-05-19T04:16:30.279Z', '港区', NULL, '和歌山県', '4丁目5番', 'パシフィコ横浜', NULL, NULL, 0, '[""痛車"",""イベント""]', '[]', NULL, '8721f26a-5370-4215-bd7b-577879ef425c', 'FIRST_COME', 172);
INSERT INTO events (`id`, `name`, `description`, `event_date`, `approval_status`, `created_at`, `updated_at`, `city`, `postal_code`, `prefecture`, `street_address`, `venue_name`, `event_end_date`, `image_url`, `is_multi_day`, `keywords`, `official_urls`, `payment_methods`, `created_by_user_id`, `entry_selection_method`, `max_participants`) VALUES ('9f36d3e7-839f-4cdd-9283-d0ac922d9e3c', '痛車祭 27', '最新の痛車デザインが集まるイベントです。エントリーは先着順です。', '2027-05-09T19:15:00.000Z', 'APPROVED', '2026-05-19T04:16:30.228Z', '2026-05-19T04:16:30.228Z', '福岡市', '573-1814', '和歌山県', '3丁目14番', NULL, NULL, NULL, 0, '[""痛車"",""イベント""]', '[]', NULL, '8721f26a-5370-4215-bd7b-577879ef425c', 'FIRST_COME', NULL);
INSERT INTO events (`id`, `name`, `description`, `event_date`, `approval_status`, `created_at`, `updated_at`, `city`, `postal_code`, `prefecture`, `street_address`, `venue_name`, `event_end_date`, `image_url`, `is_multi_day`, `keywords`, `official_urls`, `payment_methods`, `created_by_user_id`, `entry_selection_method`, `max_participants`) VALUES ('a836e192-9bac-4dac-9a58-6414bb6b9884', '痛車祭 6', '最新の痛車デザインが集まるイベントです。エントリーは先着順です。', '2027-01-09T20:15:00.000Z', 'PENDING', '2026-05-19T04:16:30.176Z', '2026-05-19T04:16:30.176Z', '横浜市', '257-7241', '岩手県', '1丁目14番', 'ポートメッセなごや', NULL, NULL, 0, '[""痛車"",""イベント""]', '[]', NULL, '8721f26a-5370-4215-bd7b-577879ef425c', 'FIRST_COME', NULL);
INSERT INTO events (`id`, `name`, `description`, `event_date`, `approval_status`, `created_at`, `updated_at`, `city`, `postal_code`, `prefecture`, `street_address`, `venue_name`, `event_end_date`, `image_url`, `is_multi_day`, `keywords`, `official_urls`, `payment_methods`, `created_by_user_id`, `entry_selection_method`, `max_participants`) VALUES ('aaff6759-2685-4f21-bdb2-6f08f7cff918', '痛車ナイト 10', '最新の痛車デザインが集まるイベントです。エントリーは先着順です。', '2026-09-01T22:34:00.000Z', 'DRAFT', '2026-05-19T04:16:30.187Z', '2026-05-19T04:16:30.187Z', '世田谷区', NULL, '長崎県', '2丁目6番', 'パシフィコ横浜', NULL, NULL, 0, '[""痛車"",""イベント""]', '[]', NULL, '8721f26a-5370-4215-bd7b-577879ef425c', 'FIRST_COME', NULL);
INSERT INTO events (`id`, `name`, `description`, `event_date`, `approval_status`, `created_at`, `updated_at`, `city`, `postal_code`, `prefecture`, `street_address`, `venue_name`, `event_end_date`, `image_url`, `is_multi_day`, `keywords`, `official_urls`, `payment_methods`, `created_by_user_id`, `entry_selection_method`, `max_participants`) VALUES ('af640723-a94c-46c1-b944-42f89b0daf21', '痛車ミーティング 31', '最新の痛車デザインが集まるイベントです。エントリーは先着順です。', '2026-08-30T16:03:00.000Z', 'DRAFT', '2026-05-19T04:16:30.237Z', '2026-05-19T04:16:30.237Z', '名古屋市', '579-5760', '神奈川県', '2丁目15番', 'ポートメッセなごや', NULL, NULL, 0, '[""痛車"",""イベント""]', '[]', NULL, '8721f26a-5370-4215-bd7b-577879ef425c', 'FIRST_COME', NULL);
INSERT INTO events (`id`, `name`, `description`, `event_date`, `approval_status`, `created_at`, `updated_at`, `city`, `postal_code`, `prefecture`, `street_address`, `venue_name`, `event_end_date`, `image_url`, `is_multi_day`, `keywords`, `official_urls`, `payment_methods`, `created_by_user_id`, `entry_selection_method`, `max_participants`) VALUES ('cea44ce5-427b-4dbf-ad10-bdb5ae16d9cb', '痛車ミーティング 21', '遠征・併せ歓迎のミーティング形式。撮影エリアあり。', '2026-09-07T21:59:00.000Z', 'APPROVED', '2026-05-19T04:16:30.214Z', '2026-05-19T04:16:30.214Z', '中央区', '808-7515', '大阪府', '2丁目12番', '東京ビッグサイト', NULL, NULL, 0, '[""痛車"",""イベント""]', '[]', NULL, '8721f26a-5370-4215-bd7b-577879ef425c', 'FIRST_COME', NULL);
INSERT INTO events (`id`, `name`, `description`, `event_date`, `approval_status`, `created_at`, `updated_at`, `city`, `postal_code`, `prefecture`, `street_address`, `venue_name`, `event_end_date`, `image_url`, `is_multi_day`, `keywords`, `official_urls`, `payment_methods`, `created_by_user_id`, `entry_selection_method`, `max_participants`) VALUES ('cf6209cb-8ecf-41a5-8a1f-ddf9ccb3ecda', '痛車祭 22', '遠征・併せ歓迎のミーティング形式。撮影エリアあり。', '2026-05-29T19:58:00.000Z', 'DRAFT', '2026-05-19T04:16:30.217Z', '2026-05-19T04:16:30.217Z', '横浜市', '361-1675', '大阪府', '1丁目8番', NULL, NULL, NULL, 0, '[""痛車"",""イベント""]', '[]', NULL, '8721f26a-5370-4215-bd7b-577879ef425c', 'FIRST_COME', NULL);
INSERT INTO events (`id`, `name`, `description`, `event_date`, `approval_status`, `created_at`, `updated_at`, `city`, `postal_code`, `prefecture`, `street_address`, `venue_name`, `event_end_date`, `image_url`, `is_multi_day`, `keywords`, `official_urls`, `payment_methods`, `created_by_user_id`, `entry_selection_method`, `max_participants`) VALUES ('d123d59f-6a14-4a7e-ae95-bdbf655ad80a', '痛車ショー 39', '初心者から上級者まで参加可能な交流イベントです。', '2026-12-25T15:39:00.000Z', 'DRAFT', '2026-05-19T04:16:30.257Z', '2026-05-19T04:16:30.257Z', '渋谷区', '240-1130', '福井県', '3丁目9番', 'パシフィコ横浜', NULL, NULL, 0, '[""痛車"",""イベント""]', '[]', NULL, '8721f26a-5370-4215-bd7b-577879ef425c', 'FIRST_COME', NULL);
INSERT INTO events (`id`, `name`, `description`, `event_date`, `approval_status`, `created_at`, `updated_at`, `city`, `postal_code`, `prefecture`, `street_address`, `venue_name`, `event_end_date`, `image_url`, `is_multi_day`, `keywords`, `official_urls`, `payment_methods`, `created_by_user_id`, `entry_selection_method`, `max_participants`) VALUES ('d38bb127-afee-4d33-baf9-ba652a2e25ee', '痛車祭 24', '展示と物販を中心とした大規模フェス。駐車場は事前予約推奨。', '2027-02-05T16:38:00.000Z', 'APPROVED', '2026-05-19T04:16:30.222Z', '2026-05-19T04:16:30.222Z', '世田谷区', '202-2528', '岐阜県', '2丁目3番', 'インテックス大阪', NULL, NULL, 0, '[""痛車"",""イベント""]', '[]', NULL, '8721f26a-5370-4215-bd7b-577879ef425c', 'FIRST_COME', NULL);
INSERT INTO events (`id`, `name`, `description`, `event_date`, `approval_status`, `created_at`, `updated_at`, `city`, `postal_code`, `prefecture`, `street_address`, `venue_name`, `event_end_date`, `image_url`, `is_multi_day`, `keywords`, `official_urls`, `payment_methods`, `created_by_user_id`, `entry_selection_method`, `max_participants`) VALUES ('d878aea8-c13d-4249-9969-202e2818d603', '痛車ナイト 38', '遠征・併せ歓迎のミーティング形式。撮影エリアあり。', '2027-06-27T21:46:00.000Z', 'DRAFT', '2026-05-19T04:16:30.255Z', '2026-05-19T04:16:30.255Z', '名古屋市', NULL, '宮崎県', NULL, '東京ビッグサイト', NULL, NULL, 0, '[""痛車"",""イベント""]', '[]', NULL, '8721f26a-5370-4215-bd7b-577879ef425c', 'FIRST_COME', NULL);
INSERT INTO events (`id`, `name`, `description`, `event_date`, `approval_status`, `created_at`, `updated_at`, `city`, `postal_code`, `prefecture`, `street_address`, `venue_name`, `event_end_date`, `image_url`, `is_multi_day`, `keywords`, `official_urls`, `payment_methods`, `created_by_user_id`, `entry_selection_method`, `max_participants`) VALUES ('d986b909-1e86-4811-88fd-4ea087f2b837', '痛車ナイト 37', '遠征・併せ歓迎のミーティング形式。撮影エリアあり。', '2026-08-08T22:56:00.000Z', 'DRAFT', '2026-05-19T04:16:30.252Z', '2026-05-19T04:16:30.252Z', '世田谷区', '392-5982', '栃木県', '2丁目15番', 'インテックス大阪', NULL, NULL, 0, '[""痛車"",""イベント""]', '[]', NULL, '8721f26a-5370-4215-bd7b-577879ef425c', 'FIRST_COME', 68);
INSERT INTO events (`id`, `name`, `description`, `event_date`, `approval_status`, `created_at`, `updated_at`, `city`, `postal_code`, `prefecture`, `street_address`, `venue_name`, `event_end_date`, `image_url`, `is_multi_day`, `keywords`, `official_urls`, `payment_methods`, `created_by_user_id`, `entry_selection_method`, `max_participants`) VALUES ('df86b15b-9422-4ba0-9286-be6bcb5e7d8c', '痛車ショー 18', '展示と物販を中心とした大規模フェス。駐車場は事前予約推奨。', '2027-06-09T19:22:00.000Z', 'APPROVED', '2026-05-19T04:16:30.206Z', '2026-05-19T04:16:30.206Z', '名古屋市', NULL, '奈良県', '4丁目11番', '東京ビッグサイト', NULL, NULL, 0, '[""痛車"",""イベント""]', '[]', NULL, '8721f26a-5370-4215-bd7b-577879ef425c', 'FIRST_COME', NULL);
INSERT INTO events (`id`, `name`, `description`, `event_date`, `approval_status`, `created_at`, `updated_at`, `city`, `postal_code`, `prefecture`, `street_address`, `venue_name`, `event_end_date`, `image_url`, `is_multi_day`, `keywords`, `official_urls`, `payment_methods`, `created_by_user_id`, `entry_selection_method`, `max_participants`) VALUES ('e14aed48-ff52-4002-9c15-158b74f224e2', '痛車フェス 30', '展示と物販を中心とした大規模フェス。駐車場は事前予約推奨。', '2026-07-18T16:04:00.000Z', 'APPROVED', '2026-05-19T04:16:30.235Z', '2026-05-19T04:16:30.235Z', '名古屋市', '116-8131', '沖縄県', '2丁目11番', 'ポートメッセなごや', NULL, NULL, 0, '[""痛車"",""イベント""]', '[]', NULL, '8721f26a-5370-4215-bd7b-577879ef425c', 'FIRST_COME', NULL);
INSERT INTO events (`id`, `name`, `description`, `event_date`, `approval_status`, `created_at`, `updated_at`, `city`, `postal_code`, `prefecture`, `street_address`, `venue_name`, `event_end_date`, `image_url`, `is_multi_day`, `keywords`, `official_urls`, `payment_methods`, `created_by_user_id`, `entry_selection_method`, `max_participants`) VALUES ('e1618ea6-e497-4c49-bbd7-da06afac605b', '痛車ミーティング 11', '初心者から上級者まで参加可能な交流イベントです。', '2027-04-13T19:38:00.000Z', 'APPROVED', '2026-05-19T04:16:30.190Z', '2026-05-19T04:16:30.190Z', '横浜市', '807-1291', '山梨県', NULL, '東京ビッグサイト', NULL, NULL, 0, '[""痛車"",""イベント""]', '[]', NULL, '8721f26a-5370-4215-bd7b-577879ef425c', 'FIRST_COME', NULL);
INSERT INTO events (`id`, `name`, `description`, `event_date`, `approval_status`, `created_at`, `updated_at`, `city`, `postal_code`, `prefecture`, `street_address`, `venue_name`, `event_end_date`, `image_url`, `is_multi_day`, `keywords`, `official_urls`, `payment_methods`, `created_by_user_id`, `entry_selection_method`, `max_participants`) VALUES ('ec310347-1db4-4b25-b793-5e7b2a6098ac', '痛車ナイト 7', '遠征・併せ歓迎のミーティング形式。撮影エリアあり。', '2027-02-12T20:38:00.000Z', 'DRAFT', '2026-05-19T04:16:30.179Z', '2026-05-19T04:16:30.179Z', '福岡市', '661-3129', '東京都', '3丁目11番', '幕張メッセ', NULL, NULL, 0, '[""痛車"",""イベント""]', '[]', NULL, '8721f26a-5370-4215-bd7b-577879ef425c', 'FIRST_COME', NULL);
INSERT INTO events (`id`, `name`, `description`, `event_date`, `approval_status`, `created_at`, `updated_at`, `city`, `postal_code`, `prefecture`, `street_address`, `venue_name`, `event_end_date`, `image_url`, `is_multi_day`, `keywords`, `official_urls`, `payment_methods`, `created_by_user_id`, `entry_selection_method`, `max_participants`) VALUES ('f2015b90-7d6d-4809-9a50-b5e131255ea2', '痛車祭 1', '展示と物販を中心とした大規模フェス。駐車場は事前予約推奨。', '2027-03-08T20:29:00.000Z', 'PENDING', '2026-05-19T04:16:30.154Z', '2026-05-19T04:16:30.154Z', '中央区', NULL, '滋賀県', '3丁目14番', '幕張メッセ', NULL, NULL, 0, '[""痛車"",""イベント""]', '[]', NULL, '8721f26a-5370-4215-bd7b-577879ef425c', 'FIRST_COME', 210);
INSERT INTO events (`id`, `name`, `description`, `event_date`, `approval_status`, `created_at`, `updated_at`, `city`, `postal_code`, `prefecture`, `street_address`, `venue_name`, `event_end_date`, `image_url`, `is_multi_day`, `keywords`, `official_urls`, `payment_methods`, `created_by_user_id`, `entry_selection_method`, `max_participants`) VALUES ('f6b35d81-b4f0-4ee4-aa20-568af9b26b1c', '痛車祭 4', '初心者から上級者まで参加可能な交流イベントです。', '2027-03-20T19:14:00.000Z', 'APPROVED', '2026-05-19T04:16:30.169Z', '2026-05-19T04:16:30.169Z', '名古屋市', '269-5771', '青森県', '1丁目15番', 'ポートメッセなごや', NULL, NULL, 0, '[""痛車"",""イベント""]', '[]', NULL, '8721f26a-5370-4215-bd7b-577879ef425c', 'FIRST_COME', 158);
INSERT INTO events (`id`, `name`, `description`, `event_date`, `approval_status`, `created_at`, `updated_at`, `city`, `postal_code`, `prefecture`, `street_address`, `venue_name`, `event_end_date`, `image_url`, `is_multi_day`, `keywords`, `official_urls`, `payment_methods`, `created_by_user_id`, `entry_selection_method`, `max_participants`) VALUES ('f705f3af-9766-46d5-ae09-372987db6e41', '痛車祭 33', '初心者から上級者まで参加可能な交流イベントです。', '2026-08-08T17:12:00.000Z', 'APPROVED', '2026-05-19T04:16:30.243Z', '2026-05-19T04:16:30.243Z', '渋谷区', '430-2213', '千葉県', NULL, NULL, NULL, NULL, 0, '[""痛車"",""イベント""]', '[]', NULL, '8721f26a-5370-4215-bd7b-577879ef425c', 'FIRST_COME', 82);

DELETE FROM event_entries;
INSERT INTO event_entries (`id`, `event_id`, `entry_number`, `entry_start_at`, `entry_start_public_at`, `entry_deadline_at`, `payment_due_at`, `payment_due_public_at`, `created_at`, `updated_at`, `payment_due_days_after_entry`, `payment_due_type`) VALUES ('09bdd3a9-9887-41d3-b794-64548655046d', '24fb8e74-4342-44bb-9cd5-d9ee5fecc866', 1, '2026-09-30T21:15:00.000Z', NULL, '2026-10-18T21:15:00.000Z', '2026-10-14T21:15:00.000Z', NULL, '2026-05-19T04:16:30.230Z', '2026-05-19T04:16:30.230Z', NULL, 'ABSOLUTE');
INSERT INTO event_entries (`id`, `event_id`, `entry_number`, `entry_start_at`, `entry_start_public_at`, `entry_deadline_at`, `payment_due_at`, `payment_due_public_at`, `created_at`, `updated_at`, `payment_due_days_after_entry`, `payment_due_type`) VALUES ('13af2f5b-070f-45f7-b144-9c7d113cc158', '204c180c-49fc-4732-9efc-eb9940e06401', 1, '2026-05-22T22:33:00.000Z', NULL, '2026-06-09T22:33:00.000Z', '2026-06-05T22:33:00.000Z', NULL, '2026-05-19T04:16:30.270Z', '2026-05-19T04:16:30.270Z', NULL, 'ABSOLUTE');
INSERT INTO event_entries (`id`, `event_id`, `entry_number`, `entry_start_at`, `entry_start_public_at`, `entry_deadline_at`, `payment_due_at`, `payment_due_public_at`, `created_at`, `updated_at`, `payment_due_days_after_entry`, `payment_due_type`) VALUES ('17fa7879-dfa3-435d-b1c0-0ebe6b8cf671', '3d3ceab8-724e-4d35-90cb-2f99baa82fec', 1, '2026-06-25T22:56:00.000Z', NULL, '2026-07-13T22:56:00.000Z', '2026-07-09T22:56:00.000Z', NULL, '2026-05-19T04:16:30.212Z', '2026-05-19T04:16:30.212Z', NULL, 'ABSOLUTE');
INSERT INTO event_entries (`id`, `event_id`, `entry_number`, `entry_start_at`, `entry_start_public_at`, `entry_deadline_at`, `payment_due_at`, `payment_due_public_at`, `created_at`, `updated_at`, `payment_due_days_after_entry`, `payment_due_type`) VALUES ('19ea92e5-644b-4d46-9504-327c4f88e53d', 'f705f3af-9766-46d5-ae09-372987db6e41', 1, '2026-07-18T17:12:00.000Z', NULL, '2026-08-05T17:12:00.000Z', '2026-08-01T17:12:00.000Z', NULL, '2026-05-19T04:16:30.243Z', '2026-05-19T04:16:30.243Z', NULL, 'ABSOLUTE');
INSERT INTO event_entries (`id`, `event_id`, `entry_number`, `entry_start_at`, `entry_start_public_at`, `entry_deadline_at`, `payment_due_at`, `payment_due_public_at`, `created_at`, `updated_at`, `payment_due_days_after_entry`, `payment_due_type`) VALUES ('1c19041d-ca5c-4847-9662-e9e26da29002', '27a4e0f9-900d-4637-8f5e-31a1938ce01f', 1, '2027-03-24T19:29:00.000Z', NULL, '2027-04-11T19:29:00.000Z', '2027-04-07T19:29:00.000Z', NULL, '2026-05-19T04:16:30.200Z', '2026-05-19T04:16:30.200Z', NULL, 'ABSOLUTE');
INSERT INTO event_entries (`id`, `event_id`, `entry_number`, `entry_start_at`, `entry_start_public_at`, `entry_deadline_at`, `payment_due_at`, `payment_due_public_at`, `created_at`, `updated_at`, `payment_due_days_after_entry`, `payment_due_type`) VALUES ('1c5cc406-a44f-49b5-be3b-bd296632b1ba', '5863bafb-dddd-4db8-a3b6-c36ca059b37f', 1, '2027-04-01T19:00:00.000Z', NULL, '2027-04-19T19:00:00.000Z', '2027-04-15T19:00:00.000Z', NULL, '2026-05-19T04:16:30.272Z', '2026-05-19T04:16:30.272Z', NULL, 'ABSOLUTE');
INSERT INTO event_entries (`id`, `event_id`, `entry_number`, `entry_start_at`, `entry_start_public_at`, `entry_deadline_at`, `payment_due_at`, `payment_due_public_at`, `created_at`, `updated_at`, `payment_due_days_after_entry`, `payment_due_type`) VALUES ('219c5627-c6ed-4c05-9948-8df88f3d6b47', '2e965cf2-458c-43f1-aad2-8950ac240bd0', 1, '2026-09-03T21:57:00.000Z', NULL, '2026-09-21T21:57:00.000Z', '2026-09-17T21:57:00.000Z', NULL, '2026-05-19T04:16:30.165Z', '2026-05-19T04:16:30.165Z', NULL, 'ABSOLUTE');
INSERT INTO event_entries (`id`, `event_id`, `entry_number`, `entry_start_at`, `entry_start_public_at`, `entry_deadline_at`, `payment_due_at`, `payment_due_public_at`, `created_at`, `updated_at`, `payment_due_days_after_entry`, `payment_due_type`) VALUES ('220c3125-308e-46cf-b66b-155f57582e45', '185d1b47-bdbe-40b1-9b4e-30ee546cee85', 1, '2026-11-23T22:21:00.000Z', NULL, '2026-12-11T22:21:00.000Z', '2026-12-07T22:21:00.000Z', NULL, '2026-05-19T04:16:30.232Z', '2026-05-19T04:16:30.232Z', NULL, 'ABSOLUTE');
INSERT INTO event_entries (`id`, `event_id`, `entry_number`, `entry_start_at`, `entry_start_public_at`, `entry_deadline_at`, `payment_due_at`, `payment_due_public_at`, `created_at`, `updated_at`, `payment_due_days_after_entry`, `payment_due_type`) VALUES ('2c93d14d-a0cc-4d86-b925-ffd35bf94973', '8f021892-148f-4116-b561-ba160b8d5538', 1, '2026-06-12T21:00:00.000Z', NULL, '2026-06-30T21:00:00.000Z', '2026-06-26T21:00:00.000Z', NULL, '2026-05-19T04:16:30.277Z', '2026-05-19T04:16:30.277Z', NULL, 'ABSOLUTE');
INSERT INTO event_entries (`id`, `event_id`, `entry_number`, `entry_start_at`, `entry_start_public_at`, `entry_deadline_at`, `payment_due_at`, `payment_due_public_at`, `created_at`, `updated_at`, `payment_due_days_after_entry`, `payment_due_type`) VALUES ('385efef3-d4a8-4e32-82a2-ec6357b9e2fd', '3eede212-a773-4172-a974-c72821bd6dd2', 1, '2026-11-28T16:47:00.000Z', NULL, '2026-12-16T16:47:00.000Z', '2026-12-12T16:47:00.000Z', NULL, '2026-05-19T04:16:30.198Z', '2026-05-19T04:16:30.198Z', NULL, 'ABSOLUTE');
INSERT INTO event_entries (`id`, `event_id`, `entry_number`, `entry_start_at`, `entry_start_public_at`, `entry_deadline_at`, `payment_due_at`, `payment_due_public_at`, `created_at`, `updated_at`, `payment_due_days_after_entry`, `payment_due_type`) VALUES ('3fef3755-6867-42cf-a487-225d9ce6ebe4', 'd38bb127-afee-4d33-baf9-ba652a2e25ee', 1, '2027-01-15T16:38:00.000Z', NULL, '2027-02-02T16:38:00.000Z', '2027-01-29T16:38:00.000Z', NULL, '2026-05-19T04:16:30.222Z', '2026-05-19T04:16:30.222Z', NULL, 'ABSOLUTE');
INSERT INTO event_entries (`id`, `event_id`, `entry_number`, `entry_start_at`, `entry_start_public_at`, `entry_deadline_at`, `payment_due_at`, `payment_due_public_at`, `created_at`, `updated_at`, `payment_due_days_after_entry`, `payment_due_type`) VALUES ('404714fa-7854-4dfc-bac9-e2f1416753f7', '9f36d3e7-839f-4cdd-9283-d0ac922d9e3c', 1, '2027-04-18T19:15:00.000Z', NULL, '2027-05-06T19:15:00.000Z', '2027-05-02T19:15:00.000Z', NULL, '2026-05-19T04:16:30.228Z', '2026-05-19T04:16:30.228Z', NULL, 'ABSOLUTE');
INSERT INTO event_entries (`id`, `event_id`, `entry_number`, `entry_start_at`, `entry_start_public_at`, `entry_deadline_at`, `payment_due_at`, `payment_due_public_at`, `created_at`, `updated_at`, `payment_due_days_after_entry`, `payment_due_type`) VALUES ('42772b97-ac38-47df-8822-e09121eb2a7e', '53315ee3-8cda-4b0d-a9c1-1c6a22f2896f', 1, '2026-12-15T20:07:00.000Z', NULL, '2027-01-02T20:07:00.000Z', '2026-12-29T20:07:00.000Z', NULL, '2026-05-19T04:16:30.184Z', '2026-05-19T04:16:30.184Z', NULL, 'ABSOLUTE');
INSERT INTO event_entries (`id`, `event_id`, `entry_number`, `entry_start_at`, `entry_start_public_at`, `entry_deadline_at`, `payment_due_at`, `payment_due_public_at`, `created_at`, `updated_at`, `payment_due_days_after_entry`, `payment_due_type`) VALUES ('4ca9d689-6f1f-422e-b203-c78391b5270d', '23f78a2b-701c-4fff-8013-73154e6bb679', 1, NULL, NULL, NULL, NULL, NULL, '2026-05-19T06:03:08.329Z', '2026-05-19T06:03:08.329Z', NULL, 'ABSOLUTE');
INSERT INTO event_entries (`id`, `event_id`, `entry_number`, `entry_start_at`, `entry_start_public_at`, `entry_deadline_at`, `payment_due_at`, `payment_due_public_at`, `created_at`, `updated_at`, `payment_due_days_after_entry`, `payment_due_type`) VALUES ('4d9598ae-1ee6-4670-bf14-7767c1d685c4', 'a836e192-9bac-4dac-9a58-6414bb6b9884', 1, '2026-12-19T20:15:00.000Z', NULL, '2027-01-06T20:15:00.000Z', '2027-01-02T20:15:00.000Z', NULL, '2026-05-19T04:16:30.176Z', '2026-05-19T04:16:30.176Z', NULL, 'ABSOLUTE');
INSERT INTO event_entries (`id`, `event_id`, `entry_number`, `entry_start_at`, `entry_start_public_at`, `entry_deadline_at`, `payment_due_at`, `payment_due_public_at`, `created_at`, `updated_at`, `payment_due_days_after_entry`, `payment_due_type`) VALUES ('5510c42a-4b88-4169-8c7a-84e9794f548a', 'd986b909-1e86-4811-88fd-4ea087f2b837', 1, '2026-07-18T22:56:00.000Z', NULL, '2026-08-05T22:56:00.000Z', '2026-08-01T22:56:00.000Z', NULL, '2026-05-19T04:16:30.252Z', '2026-05-19T04:16:30.252Z', NULL, 'ABSOLUTE');
INSERT INTO event_entries (`id`, `event_id`, `entry_number`, `entry_start_at`, `entry_start_public_at`, `entry_deadline_at`, `payment_due_at`, `payment_due_public_at`, `created_at`, `updated_at`, `payment_due_days_after_entry`, `payment_due_type`) VALUES ('5674e872-d057-4e3c-8429-52092685a344', '8c11743e-1e32-4480-b9af-0745b2a5105d', 1, '2027-02-13T21:39:00.000Z', NULL, '2027-03-03T21:39:00.000Z', '2027-02-27T21:39:00.000Z', NULL, '2026-05-19T04:16:30.202Z', '2026-05-19T04:16:30.202Z', NULL, 'ABSOLUTE');
INSERT INTO event_entries (`id`, `event_id`, `entry_number`, `entry_start_at`, `entry_start_public_at`, `entry_deadline_at`, `payment_due_at`, `payment_due_public_at`, `created_at`, `updated_at`, `payment_due_days_after_entry`, `payment_due_type`) VALUES ('5aa22eca-ae1e-4aee-9fbc-7b5339f59f8d', '9650ed90-3440-4935-a27c-bc15e6336064', 1, '2027-05-09T18:16:00.000Z', NULL, '2027-05-27T18:16:00.000Z', '2027-05-23T18:16:00.000Z', NULL, '2026-05-19T04:16:30.279Z', '2026-05-19T04:16:30.279Z', NULL, 'ABSOLUTE');
INSERT INTO event_entries (`id`, `event_id`, `entry_number`, `entry_start_at`, `entry_start_public_at`, `entry_deadline_at`, `payment_due_at`, `payment_due_public_at`, `created_at`, `updated_at`, `payment_due_days_after_entry`, `payment_due_type`) VALUES ('5b86aba6-5022-483b-8757-fe89fd9a6340', '59bb2836-052b-4200-bd2a-854200d2c3c4', 1, '2026-09-03T17:30:00.000Z', NULL, '2026-09-21T17:30:00.000Z', '2026-09-17T17:30:00.000Z', NULL, '2026-05-19T04:16:30.193Z', '2026-05-19T04:16:30.193Z', NULL, 'ABSOLUTE');
INSERT INTO event_entries (`id`, `event_id`, `entry_number`, `entry_start_at`, `entry_start_public_at`, `entry_deadline_at`, `payment_due_at`, `payment_due_public_at`, `created_at`, `updated_at`, `payment_due_days_after_entry`, `payment_due_type`) VALUES ('65cc3306-a0a5-459e-8545-a31b0dc48a92', '3fdcba25-eeef-4e20-bec4-281522a0c615', 1, '2027-04-01T20:42:00.000Z', NULL, '2027-04-19T20:42:00.000Z', '2027-04-15T20:42:00.000Z', NULL, '2026-05-19T04:16:30.173Z', '2026-05-19T04:16:30.173Z', NULL, 'ABSOLUTE');
INSERT INTO event_entries (`id`, `event_id`, `entry_number`, `entry_start_at`, `entry_start_public_at`, `entry_deadline_at`, `payment_due_at`, `payment_due_public_at`, `created_at`, `updated_at`, `payment_due_days_after_entry`, `payment_due_type`) VALUES ('70257526-ddaf-4d82-891a-e9620c43acc4', '407ea800-050a-4a53-b85d-f64367bcdcd3', 1, '2027-02-03T18:42:00.000Z', NULL, '2027-02-21T18:42:00.000Z', '2027-02-17T18:42:00.000Z', NULL, '2026-05-19T04:16:30.267Z', '2026-05-19T04:16:30.267Z', NULL, 'ABSOLUTE');
INSERT INTO event_entries (`id`, `event_id`, `entry_number`, `entry_start_at`, `entry_start_public_at`, `entry_deadline_at`, `payment_due_at`, `payment_due_public_at`, `created_at`, `updated_at`, `payment_due_days_after_entry`, `payment_due_type`) VALUES ('72404d4e-cc76-4cc3-bb2c-089d86f4d9a1', '6d6a5ec7-d1c0-4a70-b2a7-5a3bf0e02c9e', 1, '2027-01-15T15:57:00.000Z', NULL, '2027-02-02T15:57:00.000Z', '2027-01-29T15:57:00.000Z', NULL, '2026-05-19T04:16:30.249Z', '2026-05-19T04:16:30.249Z', NULL, 'ABSOLUTE');
INSERT INTO event_entries (`id`, `event_id`, `entry_number`, `entry_start_at`, `entry_start_public_at`, `entry_deadline_at`, `payment_due_at`, `payment_due_public_at`, `created_at`, `updated_at`, `payment_due_days_after_entry`, `payment_due_type`) VALUES ('75b992b1-4c29-4a43-ab97-6c0b8f578bca', 'df86b15b-9422-4ba0-9286-be6bcb5e7d8c', 1, '2027-05-19T19:22:00.000Z', NULL, '2027-06-06T19:22:00.000Z', '2027-06-02T19:22:00.000Z', NULL, '2026-05-19T04:16:30.206Z', '2026-05-19T04:16:30.206Z', NULL, 'ABSOLUTE');
INSERT INTO event_entries (`id`, `event_id`, `entry_number`, `entry_start_at`, `entry_start_public_at`, `entry_deadline_at`, `payment_due_at`, `payment_due_public_at`, `created_at`, `updated_at`, `payment_due_days_after_entry`, `payment_due_type`) VALUES ('7b00e6de-9cf5-48c3-a868-40f9ca2d0fcf', '223816a8-ce3f-4ac5-ba2b-68514d5c948f', 1, '2027-04-23T21:50:00.000Z', NULL, '2027-05-11T21:50:00.000Z', '2027-05-07T21:50:00.000Z', NULL, '2026-05-19T04:16:30.209Z', '2026-05-19T04:16:30.209Z', NULL, 'ABSOLUTE');
INSERT INTO event_entries (`id`, `event_id`, `entry_number`, `entry_start_at`, `entry_start_public_at`, `entry_deadline_at`, `payment_due_at`, `payment_due_public_at`, `created_at`, `updated_at`, `payment_due_days_after_entry`, `payment_due_type`) VALUES ('7beca2f9-f7ef-41cc-828f-943b118fac58', '7105de81-654e-4f95-b6c3-d962f939d469', 1, '2027-02-19T16:24:00.000Z', NULL, '2027-03-09T16:24:00.000Z', '2027-03-05T16:24:00.000Z', NULL, '2026-05-19T04:16:30.247Z', '2026-05-19T04:16:30.247Z', NULL, 'ABSOLUTE');
INSERT INTO event_entries (`id`, `event_id`, `entry_number`, `entry_start_at`, `entry_start_public_at`, `entry_deadline_at`, `payment_due_at`, `payment_due_public_at`, `created_at`, `updated_at`, `payment_due_days_after_entry`, `payment_due_type`) VALUES ('7efb35b7-93bd-4294-a30d-2c9f4532707c', 'af640723-a94c-46c1-b944-42f89b0daf21', 1, '2026-08-09T16:03:00.000Z', NULL, '2026-08-27T16:03:00.000Z', '2026-08-23T16:03:00.000Z', NULL, '2026-05-19T04:16:30.237Z', '2026-05-19T04:16:30.237Z', NULL, 'ABSOLUTE');
INSERT INTO event_entries (`id`, `event_id`, `entry_number`, `entry_start_at`, `entry_start_public_at`, `entry_deadline_at`, `payment_due_at`, `payment_due_public_at`, `created_at`, `updated_at`, `payment_due_days_after_entry`, `payment_due_type`) VALUES ('882cc755-803b-4c9c-887d-6e90b0acb825', 'ec310347-1db4-4b25-b793-5e7b2a6098ac', 1, '2027-01-22T20:38:00.000Z', NULL, '2027-02-09T20:38:00.000Z', '2027-02-05T20:38:00.000Z', NULL, '2026-05-19T04:16:30.179Z', '2026-05-19T04:16:30.179Z', NULL, 'ABSOLUTE');
INSERT INTO event_entries (`id`, `event_id`, `entry_number`, `entry_start_at`, `entry_start_public_at`, `entry_deadline_at`, `payment_due_at`, `payment_due_public_at`, `created_at`, `updated_at`, `payment_due_days_after_entry`, `payment_due_type`) VALUES ('97fe11f3-f099-4ee0-a867-d96668e09030', 'aaff6759-2685-4f21-bdb2-6f08f7cff918', 1, '2026-08-11T22:34:00.000Z', NULL, '2026-08-29T22:34:00.000Z', '2026-08-25T22:34:00.000Z', NULL, '2026-05-19T04:16:30.187Z', '2026-05-19T04:16:30.187Z', NULL, 'ABSOLUTE');
INSERT INTO event_entries (`id`, `event_id`, `entry_number`, `entry_start_at`, `entry_start_public_at`, `entry_deadline_at`, `payment_due_at`, `payment_due_public_at`, `created_at`, `updated_at`, `payment_due_days_after_entry`, `payment_due_type`) VALUES ('9feb5439-9bfb-4769-833e-6718f233c504', 'f6b35d81-b4f0-4ee4-aa20-568af9b26b1c', 1, '2027-02-27T19:14:00.000Z', NULL, '2027-03-17T19:14:00.000Z', '2027-03-13T19:14:00.000Z', NULL, '2026-05-19T04:16:30.169Z', '2026-05-19T04:16:30.169Z', NULL, 'ABSOLUTE');
INSERT INTO event_entries (`id`, `event_id`, `entry_number`, `entry_start_at`, `entry_start_public_at`, `entry_deadline_at`, `payment_due_at`, `payment_due_public_at`, `created_at`, `updated_at`, `payment_due_days_after_entry`, `payment_due_type`) VALUES ('a62b8f72-7f6f-44b5-b7be-a6ff6044a257', 'd123d59f-6a14-4a7e-ae95-bdbf655ad80a', 1, '2026-12-04T15:39:00.000Z', NULL, '2026-12-22T15:39:00.000Z', '2026-12-18T15:39:00.000Z', NULL, '2026-05-19T04:16:30.257Z', '2026-05-19T04:16:30.257Z', NULL, 'ABSOLUTE');
INSERT INTO event_entries (`id`, `event_id`, `entry_number`, `entry_start_at`, `entry_start_public_at`, `entry_deadline_at`, `payment_due_at`, `payment_due_public_at`, `created_at`, `updated_at`, `payment_due_days_after_entry`, `payment_due_type`) VALUES ('b0ce466c-06fc-4bbd-818e-87292a158a92', '47c32ab8-13a1-4656-91a1-2e2224ca9b57', 1, '2026-12-25T19:58:00.000Z', NULL, '2027-01-12T19:58:00.000Z', '2027-01-08T19:58:00.000Z', NULL, '2026-05-19T04:16:30.204Z', '2026-05-19T04:16:30.204Z', NULL, 'ABSOLUTE');
INSERT INTO event_entries (`id`, `event_id`, `entry_number`, `entry_start_at`, `entry_start_public_at`, `entry_deadline_at`, `payment_due_at`, `payment_due_public_at`, `created_at`, `updated_at`, `payment_due_days_after_entry`, `payment_due_type`) VALUES ('b7315cea-b0be-4a93-84b5-be24f29e4526', 'e14aed48-ff52-4002-9c15-158b74f224e2', 1, '2026-06-27T16:04:00.000Z', NULL, '2026-07-15T16:04:00.000Z', '2026-07-11T16:04:00.000Z', NULL, '2026-05-19T04:16:30.235Z', '2026-05-19T04:16:30.235Z', NULL, 'ABSOLUTE');
INSERT INTO event_entries (`id`, `event_id`, `entry_number`, `entry_start_at`, `entry_start_public_at`, `entry_deadline_at`, `payment_due_at`, `payment_due_public_at`, `created_at`, `updated_at`, `payment_due_days_after_entry`, `payment_due_type`) VALUES ('bb04a9b7-c392-4f96-a0b8-3348071e2220', 'f2015b90-7d6d-4809-9a50-b5e131255ea2', 1, '2027-02-15T20:29:00.000Z', NULL, '2027-03-05T20:29:00.000Z', '2027-03-01T20:29:00.000Z', NULL, '2026-05-19T04:16:30.154Z', '2026-05-19T04:16:30.154Z', NULL, 'ABSOLUTE');
INSERT INTO event_entries (`id`, `event_id`, `entry_number`, `entry_start_at`, `entry_start_public_at`, `entry_deadline_at`, `payment_due_at`, `payment_due_public_at`, `created_at`, `updated_at`, `payment_due_days_after_entry`, `payment_due_type`) VALUES ('bca1abc7-6fec-4ae9-83d6-7fa9d6fd60da', '52d852db-e9de-44f1-9914-8bc53297146a', 1, '2027-05-16T21:01:00.000Z', NULL, '2027-06-03T21:01:00.000Z', '2027-05-30T21:01:00.000Z', NULL, '2026-05-19T04:16:30.159Z', '2026-05-19T04:16:30.159Z', NULL, 'ABSOLUTE');
INSERT INTO event_entries (`id`, `event_id`, `entry_number`, `entry_start_at`, `entry_start_public_at`, `entry_deadline_at`, `payment_due_at`, `payment_due_public_at`, `created_at`, `updated_at`, `payment_due_days_after_entry`, `payment_due_type`) VALUES ('c653f8c6-6bbb-4109-ac0a-bb8378378676', 'cf6209cb-8ecf-41a5-8a1f-ddf9ccb3ecda', 1, '2026-05-08T19:58:00.000Z', NULL, '2026-05-26T19:58:00.000Z', '2026-05-22T19:58:00.000Z', NULL, '2026-05-19T04:16:30.217Z', '2026-05-19T04:16:30.217Z', NULL, 'ABSOLUTE');
INSERT INTO event_entries (`id`, `event_id`, `entry_number`, `entry_start_at`, `entry_start_public_at`, `entry_deadline_at`, `payment_due_at`, `payment_due_public_at`, `created_at`, `updated_at`, `payment_due_days_after_entry`, `payment_due_type`) VALUES ('cba84577-97ff-4f4d-88ec-a3eff0d749d3', '7301bd1b-a9ae-4e00-aa17-7677b6921ae8', 1, '2027-05-02T16:29:00.000Z', NULL, '2027-05-20T16:29:00.000Z', '2027-05-16T16:29:00.000Z', NULL, '2026-05-19T04:16:30.284Z', '2026-05-19T04:16:30.284Z', NULL, 'ABSOLUTE');
INSERT INTO event_entries (`id`, `event_id`, `entry_number`, `entry_start_at`, `entry_start_public_at`, `entry_deadline_at`, `payment_due_at`, `payment_due_public_at`, `created_at`, `updated_at`, `payment_due_days_after_entry`, `payment_due_type`) VALUES ('ccd5a55f-62dd-4f3e-af4f-664df347334b', '3a42dcfe-ff4f-4728-9eb2-ac8342caaf08', 1, '2026-12-23T20:11:00.000Z', NULL, '2027-01-10T20:11:00.000Z', '2027-01-06T20:11:00.000Z', NULL, '2026-05-19T04:16:30.265Z', '2026-05-19T04:16:30.265Z', NULL, 'ABSOLUTE');
INSERT INTO event_entries (`id`, `event_id`, `entry_number`, `entry_start_at`, `entry_start_public_at`, `entry_deadline_at`, `payment_due_at`, `payment_due_public_at`, `created_at`, `updated_at`, `payment_due_days_after_entry`, `payment_due_type`) VALUES ('cea09319-47ad-4306-807e-a2431e8604e6', '81bb3637-1f30-43ec-9002-30222c421878', 1, '2027-04-15T18:55:00.000Z', NULL, '2027-05-03T18:55:00.000Z', '2027-04-29T18:55:00.000Z', NULL, '2026-05-19T04:16:30.224Z', '2026-05-19T04:16:30.224Z', NULL, 'ABSOLUTE');
INSERT INTO event_entries (`id`, `event_id`, `entry_number`, `entry_start_at`, `entry_start_public_at`, `entry_deadline_at`, `payment_due_at`, `payment_due_public_at`, `created_at`, `updated_at`, `payment_due_days_after_entry`, `payment_due_type`) VALUES ('d0905730-0a63-4f01-aafe-521fbd76a68b', '054df633-f0d0-41bc-b220-0c92f3e381d6', 1, '2027-01-01T18:07:00.000Z', NULL, '2027-01-19T18:07:00.000Z', '2027-01-15T18:07:00.000Z', NULL, '2026-05-19T04:16:30.259Z', '2026-05-19T04:16:30.259Z', NULL, 'ABSOLUTE');
INSERT INTO event_entries (`id`, `event_id`, `entry_number`, `entry_start_at`, `entry_start_public_at`, `entry_deadline_at`, `payment_due_at`, `payment_due_public_at`, `created_at`, `updated_at`, `payment_due_days_after_entry`, `payment_due_type`) VALUES ('d1fa3417-5783-4a80-b397-7d1869b85fdf', 'e1618ea6-e497-4c49-bbd7-da06afac605b', 1, '2027-03-23T19:38:00.000Z', NULL, '2027-04-10T19:38:00.000Z', '2027-04-06T19:38:00.000Z', NULL, '2026-05-19T04:16:30.190Z', '2026-05-19T04:16:30.190Z', NULL, 'ABSOLUTE');
INSERT INTO event_entries (`id`, `event_id`, `entry_number`, `entry_start_at`, `entry_start_public_at`, `entry_deadline_at`, `payment_due_at`, `payment_due_public_at`, `created_at`, `updated_at`, `payment_due_days_after_entry`, `payment_due_type`) VALUES ('d24da090-b039-4fd8-89c6-5d772cdf1e9c', '277b59d2-3b00-4794-9f10-a0bc1549aaf6', 1, '2026-08-07T22:38:00.000Z', NULL, '2026-08-25T22:38:00.000Z', '2026-08-21T22:38:00.000Z', NULL, '2026-05-19T04:16:30.196Z', '2026-05-19T04:16:30.196Z', NULL, 'ABSOLUTE');
INSERT INTO event_entries (`id`, `event_id`, `entry_number`, `entry_start_at`, `entry_start_public_at`, `entry_deadline_at`, `payment_due_at`, `payment_due_public_at`, `created_at`, `updated_at`, `payment_due_days_after_entry`, `payment_due_type`) VALUES ('d58ae004-3981-487d-a67e-9b8fdf4a18d0', '32a6fa4f-00ef-4c58-9e0a-f30f38fa02a8', 1, '2026-07-02T21:55:00.000Z', NULL, '2026-07-20T21:55:00.000Z', '2026-07-16T21:55:00.000Z', NULL, '2026-05-19T04:16:30.274Z', '2026-05-19T04:16:30.274Z', NULL, 'ABSOLUTE');
INSERT INTO event_entries (`id`, `event_id`, `entry_number`, `entry_start_at`, `entry_start_public_at`, `entry_deadline_at`, `payment_due_at`, `payment_due_public_at`, `created_at`, `updated_at`, `payment_due_days_after_entry`, `payment_due_type`) VALUES ('d64896e1-aabf-44e7-be9b-2b31f58b63cc', '7d1a5cdb-4dce-4aed-ba7d-b1380ab5b293', 1, '2026-09-23T21:59:00.000Z', NULL, '2026-10-11T21:59:00.000Z', '2026-10-07T21:59:00.000Z', NULL, '2026-05-19T04:16:30.263Z', '2026-05-19T04:16:30.263Z', NULL, 'ABSOLUTE');
INSERT INTO event_entries (`id`, `event_id`, `entry_number`, `entry_start_at`, `entry_start_public_at`, `entry_deadline_at`, `payment_due_at`, `payment_due_public_at`, `created_at`, `updated_at`, `payment_due_days_after_entry`, `payment_due_type`) VALUES ('e3469e93-3f25-4955-bb92-f9484f0565df', 'd878aea8-c13d-4249-9969-202e2818d603', 1, '2027-06-06T21:46:00.000Z', NULL, '2027-06-24T21:46:00.000Z', '2027-06-20T21:46:00.000Z', NULL, '2026-05-19T04:16:30.255Z', '2026-05-19T04:16:30.255Z', NULL, 'ABSOLUTE');
INSERT INTO event_entries (`id`, `event_id`, `entry_number`, `entry_start_at`, `entry_start_public_at`, `entry_deadline_at`, `payment_due_at`, `payment_due_public_at`, `created_at`, `updated_at`, `payment_due_days_after_entry`, `payment_due_type`) VALUES ('e6f8b8a8-3512-4b86-86b2-f1d5bc03468d', '26207a50-e385-468f-ab37-7e30fe3b60c5', 1, '2026-09-03T17:16:00.000Z', NULL, '2026-09-21T17:16:00.000Z', '2026-09-17T17:16:00.000Z', NULL, '2026-05-19T04:16:30.182Z', '2026-05-19T04:16:30.182Z', NULL, 'ABSOLUTE');
INSERT INTO event_entries (`id`, `event_id`, `entry_number`, `entry_start_at`, `entry_start_public_at`, `entry_deadline_at`, `payment_due_at`, `payment_due_public_at`, `created_at`, `updated_at`, `payment_due_days_after_entry`, `payment_due_type`) VALUES ('eab99af3-90d7-4b89-90a9-34a0600a0970', '754d7b22-af6f-4308-a47c-52b5358ff29b', 1, '2026-06-15T16:15:00.000Z', NULL, '2026-07-03T16:15:00.000Z', '2026-06-29T16:15:00.000Z', NULL, '2026-05-19T04:16:30.240Z', '2026-05-19T04:16:30.240Z', NULL, 'ABSOLUTE');
INSERT INTO event_entries (`id`, `event_id`, `entry_number`, `entry_start_at`, `entry_start_public_at`, `entry_deadline_at`, `payment_due_at`, `payment_due_public_at`, `created_at`, `updated_at`, `payment_due_days_after_entry`, `payment_due_type`) VALUES ('ebb22fdd-8382-4e92-b12c-44ffbd10b2af', '2e71dc14-d26c-4c31-ba14-bfc3d7226e8a', 1, '2027-05-22T22:23:00.000Z', NULL, '2027-06-09T22:23:00.000Z', '2027-06-05T22:23:00.000Z', NULL, '2026-05-19T04:16:30.261Z', '2026-05-19T04:16:30.261Z', NULL, 'ABSOLUTE');
INSERT INTO event_entries (`id`, `event_id`, `entry_number`, `entry_start_at`, `entry_start_public_at`, `entry_deadline_at`, `payment_due_at`, `payment_due_public_at`, `created_at`, `updated_at`, `payment_due_days_after_entry`, `payment_due_type`) VALUES ('ef5738dc-14f7-4304-8d24-82842c432da8', '9548fbe0-35d2-42dc-9f04-80bebe895fe5', 1, '2026-07-24T15:58:00.000Z', NULL, '2026-08-11T15:58:00.000Z', '2026-08-07T15:58:00.000Z', NULL, '2026-05-19T04:16:30.245Z', '2026-05-19T04:16:30.245Z', NULL, 'ABSOLUTE');
INSERT INTO event_entries (`id`, `event_id`, `entry_number`, `entry_start_at`, `entry_start_public_at`, `entry_deadline_at`, `payment_due_at`, `payment_due_public_at`, `created_at`, `updated_at`, `payment_due_days_after_entry`, `payment_due_type`) VALUES ('f0c51e80-044c-41d3-9197-93f706523e84', '5f9e448d-e0f8-44d1-be69-ff53d22718d7', 1, '2027-03-21T18:42:00.000Z', NULL, '2027-04-08T18:42:00.000Z', '2027-04-04T18:42:00.000Z', NULL, '2026-05-19T04:16:30.220Z', '2026-05-19T04:16:30.220Z', NULL, 'ABSOLUTE');
INSERT INTO event_entries (`id`, `event_id`, `entry_number`, `entry_start_at`, `entry_start_public_at`, `entry_deadline_at`, `payment_due_at`, `payment_due_public_at`, `created_at`, `updated_at`, `payment_due_days_after_entry`, `payment_due_type`) VALUES ('f94e89f3-a5ca-40b6-8a53-7367db60aa8a', 'cea44ce5-427b-4dbf-ad10-bdb5ae16d9cb', 1, '2026-08-17T21:59:00.000Z', NULL, '2026-09-04T21:59:00.000Z', '2026-08-31T21:59:00.000Z', NULL, '2026-05-19T04:16:30.214Z', '2026-05-19T04:16:30.214Z', NULL, 'ABSOLUTE');
INSERT INTO event_entries (`id`, `event_id`, `entry_number`, `entry_start_at`, `entry_start_public_at`, `entry_deadline_at`, `payment_due_at`, `payment_due_public_at`, `created_at`, `updated_at`, `payment_due_days_after_entry`, `payment_due_type`) VALUES ('feef6c8f-d95e-4e2a-aa25-ca4b871617b8', '2665915a-5e17-444d-a5ef-af0bab248acb', 1, '2026-12-12T22:09:00.000Z', NULL, '2026-12-30T22:09:00.000Z', '2026-12-26T22:09:00.000Z', NULL, '2026-05-19T04:16:30.226Z', '2026-05-19T04:16:30.226Z', NULL, 'ABSOLUTE');

DELETE FROM groups;
INSERT INTO groups (`id`, `event_id`, `name`, `theme`, `max_members`, `leader_user_id`, `created_at`, `updated_at`, `group_code`, `owner_note`, `group_description`) VALUES ('2e24460d-7c70-4dda-8287-1123bdce5309', '223816a8-ce3f-4ac5-ba2b-68514d5c948f', 'ローカルテスト団体ベータ', 'ゲーム', 15, 'cbb3aa44-fb78-4834-b9a2-a2fee765e1c0', '2026-05-19T04:16:30.408Z', '2026-05-19T04:16:30.408Z', 'NVF2C6WP', NULL, NULL);
INSERT INTO groups (`id`, `event_id`, `name`, `theme`, `max_members`, `leader_user_id`, `created_at`, `updated_at`, `group_code`, `owner_note`, `group_description`) VALUES ('33ea4fa0-f565-4898-b2cb-4f4645af98f2', '204c180c-49fc-4732-9efc-eb9940e06401', 'ローカルテスト団体アルファ', 'アニメ', 20, 'cbb3aa44-fb78-4834-b9a2-a2fee765e1c0', '2026-05-19T04:16:30.405Z', '2026-05-19T04:16:30.405Z', 'HFHMKUFH', NULL, 'シード用のテスト団体です。');
INSERT INTO groups (`id`, `event_id`, `name`, `theme`, `max_members`, `leader_user_id`, `created_at`, `updated_at`, `group_code`, `owner_note`, `group_description`) VALUES ('65077477-3659-4dc9-b0dc-f3b0b2bb3d43', 'e14aed48-ff52-4002-9c15-158b74f224e2', 'てst', NULL, NULL, 'bcc12152-011d-4421-b36d-2977240301f3', '2026-07-13T06:12:24.399Z', '2026-07-13T06:12:24.399Z', '73032912', NULL, NULL);

DELETE FROM group_messages;
INSERT INTO group_messages (`id`, `group_id`, `sender_id`, `content`, `is_announcement`, `created_at`) VALUES ('11ad2f9f-576f-4de8-9141-d8d8e56a6134', '33ea4fa0-f565-4898-b2cb-4f4645af98f2', '6fc88f9b-9a53-4392-a5b7-97c76dcc4460', '参加よろしくお願いします！', 0, '2026-05-19T04:16:30.421Z');
INSERT INTO group_messages (`id`, `group_id`, `sender_id`, `content`, `is_announcement`, `created_at`) VALUES ('18ef4048-57eb-4be4-bd74-098eee13493f', '65077477-3659-4dc9-b0dc-f3b0b2bb3d43', 'bcc12152-011d-4421-b36d-2977240301f3', 'llll', 0, '2026-07-13T06:49:08.872Z');
INSERT INTO group_messages (`id`, `group_id`, `sender_id`, `content`, `is_announcement`, `created_at`) VALUES ('43d3b639-b24d-4322-bf13-a8dc3057b1bb', '65077477-3659-4dc9-b0dc-f3b0b2bb3d43', 'bcc12152-011d-4421-b36d-2977240301f3', 'lll', 0, '2026-07-13T06:49:02.706Z');
INSERT INTO group_messages (`id`, `group_id`, `sender_id`, `content`, `is_announcement`, `created_at`) VALUES ('623c3de8-aabb-4d0e-8b88-9d9699cd96cd', '33ea4fa0-f565-4898-b2cb-4f4645af98f2', 'cbb3aa44-fb78-4834-b9a2-a2fee765e1c0', 'ローカルシードからのテストメッセージです。募集概要は追って共有します。', 1, '2026-05-19T04:16:30.419Z');
INSERT INTO group_messages (`id`, `group_id`, `sender_id`, `content`, `is_announcement`, `created_at`) VALUES ('7daeffbc-1a5e-4f62-99ac-adbe174da9bc', '65077477-3659-4dc9-b0dc-f3b0b2bb3d43', 'bcc12152-011d-4421-b36d-2977240301f3', 'llllllllllllllllllllllllllllllllllllllllllllllllllllllllllllllllllllll\nllllllllllllllllllllllllllllllllllllllllllllllllllllllllllllllllllllll\nllllllllllllllllllllllllllllllllllllllllllllllllllllllllllllllllllllll\nllllllllllllllllllllllllllllllllllllllllllllllllllllllllllllllllllllll\nllllllllllllllllllllllllllllllllllllllllllllllllllllllllllllllllllllll\nllllllllllllllllllllllllllllllllllllllllllllllllllllllllllllllllllllll\nllllllllllllllllllllllllllllllllllllllllllllllllllllllllllllllllllllll\nllllllllllllllllllllllllllllllllllllllllllllllllllllllllllllllllllllll\nllllllllllllllllllllllllllllllllllllllllllllllllllllllllllllllllllllll\nllllllllllllllllllllllllllllllllllllllllllllllllllllllllllllllllllllll\nllllllllllllllllllllllllllllllllllllllllllllllllllllllllllllllllllllll\nllllllllllllllllllllllllllllllllllllllllllllllllllllllllllllllllllllll\nllllllllllllllllllllllllllllllllllllllllllllllllllllllllllllllllllllll\nllllllllllllllllllllllllllllllllllllllllllllllllllllllllllllllllllllll', 0, '2026-07-13T06:49:19.507Z');
INSERT INTO group_messages (`id`, `group_id`, `sender_id`, `content`, `is_announcement`, `created_at`) VALUES ('8ae4dfc7-b652-447e-89d2-8354d704fa4c', '65077477-3659-4dc9-b0dc-f3b0b2bb3d43', 'bcc12152-011d-4421-b36d-2977240301f3', 'llll', 0, '2026-07-13T06:49:04.359Z');
INSERT INTO group_messages (`id`, `group_id`, `sender_id`, `content`, `is_announcement`, `created_at`) VALUES ('9833b41b-1391-4e23-b2d4-4b361e12efae', '65077477-3659-4dc9-b0dc-f3b0b2bb3d43', 'bcc12152-011d-4421-b36d-2977240301f3', 'lll', 0, '2026-07-13T06:49:00.889Z');
INSERT INTO group_messages (`id`, `group_id`, `sender_id`, `content`, `is_announcement`, `created_at`) VALUES ('bdc514d2-1b41-4a2e-8cff-f6e204bfe91f', '65077477-3659-4dc9-b0dc-f3b0b2bb3d43', 'bcc12152-011d-4421-b36d-2977240301f3', 'llllll', 0, '2026-07-13T06:49:06.879Z');
INSERT INTO group_messages (`id`, `group_id`, `sender_id`, `content`, `is_announcement`, `created_at`) VALUES ('d5778e3e-8a83-4f08-b65a-b395781c66a8', '65077477-3659-4dc9-b0dc-f3b0b2bb3d43', 'bcc12152-011d-4421-b36d-2977240301f3', 'a', 0, '2026-07-13T06:48:58.640Z');
INSERT INTO group_messages (`id`, `group_id`, `sender_id`, `content`, `is_announcement`, `created_at`) VALUES ('e9658ebf-44c2-403d-813b-aca13ad8df37', '65077477-3659-4dc9-b0dc-f3b0b2bb3d43', 'bcc12152-011d-4421-b36d-2977240301f3', 'aaa', 0, '2026-07-13T06:48:56.724Z');

DELETE FROM group_message_reads;
INSERT INTO group_message_reads (`id`, `message_id`, `user_id`, `read_at`) VALUES ('436e811a-4288-4508-b7ab-b9705b7f894f', '623c3de8-aabb-4d0e-8b88-9d9699cd96cd', '6fc88f9b-9a53-4392-a5b7-97c76dcc4460', '2026-05-19T04:16:30.423Z');
INSERT INTO group_message_reads (`id`, `message_id`, `user_id`, `read_at`) VALUES ('4d8f33a6-2b47-43f2-98b8-7b72455522f9', '9833b41b-1391-4e23-b2d4-4b361e12efae', 'bcc12152-011d-4421-b36d-2977240301f3', '2026-07-13T06:49:00.933Z');
INSERT INTO group_message_reads (`id`, `message_id`, `user_id`, `read_at`) VALUES ('7ca54f83-49c3-4748-8bcd-ad0d32aa5975', 'd5778e3e-8a83-4f08-b65a-b395781c66a8', 'bcc12152-011d-4421-b36d-2977240301f3', '2026-07-13T06:48:58.686Z');
INSERT INTO group_message_reads (`id`, `message_id`, `user_id`, `read_at`) VALUES ('80c65578-e07b-43a6-be3b-feaab10a1a74', '43d3b639-b24d-4322-bf13-a8dc3057b1bb', 'bcc12152-011d-4421-b36d-2977240301f3', '2026-07-13T06:49:02.750Z');
INSERT INTO group_message_reads (`id`, `message_id`, `user_id`, `read_at`) VALUES ('a7b32f25-b2e7-4657-9e50-db45274f43dd', '18ef4048-57eb-4be4-bd74-098eee13493f', 'bcc12152-011d-4421-b36d-2977240301f3', '2026-07-13T06:49:08.911Z');
INSERT INTO group_message_reads (`id`, `message_id`, `user_id`, `read_at`) VALUES ('d510af79-dee9-4b3a-8ac8-2bd60846d114', 'e9658ebf-44c2-403d-813b-aca13ad8df37', 'bcc12152-011d-4421-b36d-2977240301f3', '2026-07-13T06:48:57.343Z');
INSERT INTO group_message_reads (`id`, `message_id`, `user_id`, `read_at`) VALUES ('db27a2c5-8461-4edd-84e9-845b72849e20', '7daeffbc-1a5e-4f62-99ac-adbe174da9bc', 'bcc12152-011d-4421-b36d-2977240301f3', '2026-07-13T06:49:33.595Z');
INSERT INTO group_message_reads (`id`, `message_id`, `user_id`, `read_at`) VALUES ('e1021ac4-23d9-40e3-8db3-39208b78e749', 'bdc514d2-1b41-4a2e-8cff-f6e204bfe91f', 'bcc12152-011d-4421-b36d-2977240301f3', '2026-07-13T06:49:06.914Z');
INSERT INTO group_message_reads (`id`, `message_id`, `user_id`, `read_at`) VALUES ('f436d877-6c93-4548-8fc9-d32983174255', '8ae4dfc7-b652-447e-89d2-8354d704fa4c', 'bcc12152-011d-4421-b36d-2977240301f3', '2026-07-13T06:49:04.399Z');

DELETE FROM group_message_reactions;
INSERT INTO group_message_reactions (`id`, `message_id`, `user_id`, `emoji`, `created_at`) VALUES ('e2d44a43-c421-4484-a9d0-25450978d626', '623c3de8-aabb-4d0e-8b88-9d9699cd96cd', '6fc88f9b-9a53-4392-a5b7-97c76dcc4460', '👍', '2026-05-19T04:16:30.425Z');

DELETE FROM tags;
INSERT INTO tags (`id`, `name`, `usage_count`) VALUES ('2f5df9f3-5c88-408b-ad98-5f242e92dc84', '痛車', 1);
INSERT INTO tags (`id`, `name`, `usage_count`) VALUES ('37b84b6d-c72d-4aa0-ba50-5cdefec352fb', '初心者OK', 1);
INSERT INTO tags (`id`, `name`, `usage_count`) VALUES ('5d6d3cb2-7386-41d4-82c6-7397832ce26a', 'コスプレ', 1);
INSERT INTO tags (`id`, `name`, `usage_count`) VALUES ('8e1a0cd0-501e-40a5-8b04-b457690b29e1', 'オフ会', 1);
INSERT INTO tags (`id`, `name`, `usage_count`) VALUES ('ae419892-1497-404f-bb97-822a418defd3', '物販', 1);
INSERT INTO tags (`id`, `name`, `usage_count`) VALUES ('d5209408-1925-4df8-932c-a39c2b8c6cb7', '展示', 1);
INSERT INTO tags (`id`, `name`, `usage_count`) VALUES ('e4efb849-c9a3-444a-ab65-f46a0f5a9afc', '撮影', 1);
INSERT INTO tags (`id`, `name`, `usage_count`) VALUES ('f37010f5-07ca-4688-bc30-1ab96fe7d871', '遠征歓迎', 1);

DELETE FROM event_tags;
INSERT INTO event_tags (`event_id`, `tag_id`, `created_at`) VALUES ('204c180c-49fc-4732-9efc-eb9940e06401', '8e1a0cd0-501e-40a5-8b04-b457690b29e1', '2026-05-19T04:16:30.293Z');
INSERT INTO event_tags (`event_id`, `tag_id`, `created_at`) VALUES ('223816a8-ce3f-4ac5-ba2b-68514d5c948f', '2f5df9f3-5c88-408b-ad98-5f242e92dc84', '2026-05-19T04:16:30.297Z');
INSERT INTO event_tags (`event_id`, `tag_id`, `created_at`) VALUES ('223816a8-ce3f-4ac5-ba2b-68514d5c948f', '37b84b6d-c72d-4aa0-ba50-5cdefec352fb', '2026-05-19T04:16:30.295Z');
INSERT INTO event_tags (`event_id`, `tag_id`, `created_at`) VALUES ('24fb8e74-4342-44bb-9cd5-d9ee5fecc866', '2f5df9f3-5c88-408b-ad98-5f242e92dc84', '2026-05-19T04:16:30.304Z');
INSERT INTO event_tags (`event_id`, `tag_id`, `created_at`) VALUES ('24fb8e74-4342-44bb-9cd5-d9ee5fecc866', 'e4efb849-c9a3-444a-ab65-f46a0f5a9afc', '2026-05-19T04:16:30.302Z');
INSERT INTO event_tags (`event_id`, `tag_id`, `created_at`) VALUES ('2665915a-5e17-444d-a5ef-af0bab248acb', '37b84b6d-c72d-4aa0-ba50-5cdefec352fb', '2026-05-19T04:16:30.305Z');
INSERT INTO event_tags (`event_id`, `tag_id`, `created_at`) VALUES ('27a4e0f9-900d-4637-8f5e-31a1938ce01f', 'd5209408-1925-4df8-932c-a39c2b8c6cb7', '2026-05-19T04:16:30.307Z');
INSERT INTO event_tags (`event_id`, `tag_id`, `created_at`) VALUES ('2e965cf2-458c-43f1-aad2-8950ac240bd0', '2f5df9f3-5c88-408b-ad98-5f242e92dc84', '2026-05-19T04:16:30.309Z');
INSERT INTO event_tags (`event_id`, `tag_id`, `created_at`) VALUES ('2e965cf2-458c-43f1-aad2-8950ac240bd0', '5d6d3cb2-7386-41d4-82c6-7397832ce26a', '2026-05-19T04:16:30.310Z');
INSERT INTO event_tags (`event_id`, `tag_id`, `created_at`) VALUES ('32a6fa4f-00ef-4c58-9e0a-f30f38fa02a8', 'ae419892-1497-404f-bb97-822a418defd3', '2026-05-19T04:16:30.312Z');
INSERT INTO event_tags (`event_id`, `tag_id`, `created_at`) VALUES ('3eede212-a773-4172-a974-c72821bd6dd2', 'd5209408-1925-4df8-932c-a39c2b8c6cb7', '2026-05-19T04:16:30.313Z');
INSERT INTO event_tags (`event_id`, `tag_id`, `created_at`) VALUES ('3fdcba25-eeef-4e20-bec4-281522a0c615', '2f5df9f3-5c88-408b-ad98-5f242e92dc84', '2026-05-19T04:16:30.315Z');
INSERT INTO event_tags (`event_id`, `tag_id`, `created_at`) VALUES ('3fdcba25-eeef-4e20-bec4-281522a0c615', '8e1a0cd0-501e-40a5-8b04-b457690b29e1', '2026-05-19T04:16:30.316Z');
INSERT INTO event_tags (`event_id`, `tag_id`, `created_at`) VALUES ('407ea800-050a-4a53-b85d-f64367bcdcd3', 'ae419892-1497-404f-bb97-822a418defd3', '2026-05-19T04:16:30.321Z');
INSERT INTO event_tags (`event_id`, `tag_id`, `created_at`) VALUES ('407ea800-050a-4a53-b85d-f64367bcdcd3', 'd5209408-1925-4df8-932c-a39c2b8c6cb7', '2026-05-19T04:16:30.323Z');
INSERT INTO event_tags (`event_id`, `tag_id`, `created_at`) VALUES ('407ea800-050a-4a53-b85d-f64367bcdcd3', 'e4efb849-c9a3-444a-ab65-f46a0f5a9afc', '2026-05-19T04:16:30.318Z');
INSERT INTO event_tags (`event_id`, `tag_id`, `created_at`) VALUES ('7105de81-654e-4f95-b6c3-d962f939d469', '5d6d3cb2-7386-41d4-82c6-7397832ce26a', '2026-05-19T04:16:30.325Z');
INSERT INTO event_tags (`event_id`, `tag_id`, `created_at`) VALUES ('7105de81-654e-4f95-b6c3-d962f939d469', 'ae419892-1497-404f-bb97-822a418defd3', '2026-05-19T04:16:30.326Z');
INSERT INTO event_tags (`event_id`, `tag_id`, `created_at`) VALUES ('7301bd1b-a9ae-4e00-aa17-7677b6921ae8', '37b84b6d-c72d-4aa0-ba50-5cdefec352fb', '2026-05-19T04:16:30.328Z');
INSERT INTO event_tags (`event_id`, `tag_id`, `created_at`) VALUES ('7301bd1b-a9ae-4e00-aa17-7677b6921ae8', 'd5209408-1925-4df8-932c-a39c2b8c6cb7', '2026-05-19T04:16:30.331Z');
INSERT INTO event_tags (`event_id`, `tag_id`, `created_at`) VALUES ('7301bd1b-a9ae-4e00-aa17-7677b6921ae8', 'f37010f5-07ca-4688-bc30-1ab96fe7d871', '2026-05-19T04:16:30.329Z');
INSERT INTO event_tags (`event_id`, `tag_id`, `created_at`) VALUES ('9f36d3e7-839f-4cdd-9283-d0ac922d9e3c', 'e4efb849-c9a3-444a-ab65-f46a0f5a9afc', '2026-05-19T04:16:30.332Z');
INSERT INTO event_tags (`event_id`, `tag_id`, `created_at`) VALUES ('cea44ce5-427b-4dbf-ad10-bdb5ae16d9cb', '37b84b6d-c72d-4aa0-ba50-5cdefec352fb', '2026-05-19T04:16:30.334Z');
INSERT INTO event_tags (`event_id`, `tag_id`, `created_at`) VALUES ('d38bb127-afee-4d33-baf9-ba652a2e25ee', '5d6d3cb2-7386-41d4-82c6-7397832ce26a', '2026-05-19T04:16:30.337Z');
INSERT INTO event_tags (`event_id`, `tag_id`, `created_at`) VALUES ('d38bb127-afee-4d33-baf9-ba652a2e25ee', 'ae419892-1497-404f-bb97-822a418defd3', '2026-05-19T04:16:30.339Z');
INSERT INTO event_tags (`event_id`, `tag_id`, `created_at`) VALUES ('d38bb127-afee-4d33-baf9-ba652a2e25ee', 'f37010f5-07ca-4688-bc30-1ab96fe7d871', '2026-05-19T04:16:30.336Z');
INSERT INTO event_tags (`event_id`, `tag_id`, `created_at`) VALUES ('df86b15b-9422-4ba0-9286-be6bcb5e7d8c', '5d6d3cb2-7386-41d4-82c6-7397832ce26a', '2026-05-19T04:16:30.344Z');
INSERT INTO event_tags (`event_id`, `tag_id`, `created_at`) VALUES ('df86b15b-9422-4ba0-9286-be6bcb5e7d8c', '8e1a0cd0-501e-40a5-8b04-b457690b29e1', '2026-05-19T04:16:30.341Z');
INSERT INTO event_tags (`event_id`, `tag_id`, `created_at`) VALUES ('df86b15b-9422-4ba0-9286-be6bcb5e7d8c', 'e4efb849-c9a3-444a-ab65-f46a0f5a9afc', '2026-05-19T04:16:30.342Z');
INSERT INTO event_tags (`event_id`, `tag_id`, `created_at`) VALUES ('e14aed48-ff52-4002-9c15-158b74f224e2', '2f5df9f3-5c88-408b-ad98-5f242e92dc84', '2026-05-19T04:16:30.345Z');
INSERT INTO event_tags (`event_id`, `tag_id`, `created_at`) VALUES ('e1618ea6-e497-4c49-bbd7-da06afac605b', 'e4efb849-c9a3-444a-ab65-f46a0f5a9afc', '2026-05-19T04:16:30.347Z');
INSERT INTO event_tags (`event_id`, `tag_id`, `created_at`) VALUES ('e1618ea6-e497-4c49-bbd7-da06afac605b', 'f37010f5-07ca-4688-bc30-1ab96fe7d871', '2026-05-19T04:16:30.349Z');
INSERT INTO event_tags (`event_id`, `tag_id`, `created_at`) VALUES ('f6b35d81-b4f0-4ee4-aa20-568af9b26b1c', 'e4efb849-c9a3-444a-ab65-f46a0f5a9afc', '2026-05-19T04:16:30.352Z');
INSERT INTO event_tags (`event_id`, `tag_id`, `created_at`) VALUES ('f6b35d81-b4f0-4ee4-aa20-568af9b26b1c', 'f37010f5-07ca-4688-bc30-1ab96fe7d871', '2026-05-19T04:16:30.351Z');
INSERT INTO event_tags (`event_id`, `tag_id`, `created_at`) VALUES ('f705f3af-9766-46d5-ae09-372987db6e41', 'e4efb849-c9a3-444a-ab65-f46a0f5a9afc', '2026-05-19T04:16:30.355Z');
INSERT INTO event_tags (`event_id`, `tag_id`, `created_at`) VALUES ('f705f3af-9766-46d5-ae09-372987db6e41', 'f37010f5-07ca-4688-bc30-1ab96fe7d871', '2026-05-19T04:16:30.354Z');

DELETE FROM event_follows;
INSERT INTO event_follows (`user_id`, `event_id`, `followed_at`) VALUES ('6fc88f9b-9a53-4392-a5b7-97c76dcc4460', '204c180c-49fc-4732-9efc-eb9940e06401', '2026-05-19T04:16:30.357Z');
INSERT INTO event_follows (`user_id`, `event_id`, `followed_at`) VALUES ('6fc88f9b-9a53-4392-a5b7-97c76dcc4460', '223816a8-ce3f-4ac5-ba2b-68514d5c948f', '2026-05-19T04:16:30.359Z');
INSERT INTO event_follows (`user_id`, `event_id`, `followed_at`) VALUES ('6fc88f9b-9a53-4392-a5b7-97c76dcc4460', '23f78a2b-701c-4fff-8013-73154e6bb679', '2026-05-19T04:16:30.361Z');
INSERT INTO event_follows (`user_id`, `event_id`, `followed_at`) VALUES ('6fc88f9b-9a53-4392-a5b7-97c76dcc4460', '24fb8e74-4342-44bb-9cd5-d9ee5fecc866', '2026-05-19T04:16:30.362Z');
INSERT INTO event_follows (`user_id`, `event_id`, `followed_at`) VALUES ('6fc88f9b-9a53-4392-a5b7-97c76dcc4460', '2665915a-5e17-444d-a5ef-af0bab248acb', '2026-05-19T04:16:30.364Z');
INSERT INTO event_follows (`user_id`, `event_id`, `followed_at`) VALUES ('6fc88f9b-9a53-4392-a5b7-97c76dcc4460', '27a4e0f9-900d-4637-8f5e-31a1938ce01f', '2026-05-19T04:16:30.365Z');
INSERT INTO event_follows (`user_id`, `event_id`, `followed_at`) VALUES ('6fc88f9b-9a53-4392-a5b7-97c76dcc4460', '2e965cf2-458c-43f1-aad2-8950ac240bd0', '2026-05-19T04:16:30.367Z');
INSERT INTO event_follows (`user_id`, `event_id`, `followed_at`) VALUES ('6fc88f9b-9a53-4392-a5b7-97c76dcc4460', '32a6fa4f-00ef-4c58-9e0a-f30f38fa02a8', '2026-05-19T04:16:30.368Z');
INSERT INTO event_follows (`user_id`, `event_id`, `followed_at`) VALUES ('6fc88f9b-9a53-4392-a5b7-97c76dcc4460', '3eede212-a773-4172-a974-c72821bd6dd2', '2026-05-19T04:16:30.370Z');
INSERT INTO event_follows (`user_id`, `event_id`, `followed_at`) VALUES ('6fc88f9b-9a53-4392-a5b7-97c76dcc4460', '3fdcba25-eeef-4e20-bec4-281522a0c615', '2026-05-19T04:16:30.372Z');
INSERT INTO event_follows (`user_id`, `event_id`, `followed_at`) VALUES ('6fc88f9b-9a53-4392-a5b7-97c76dcc4460', '407ea800-050a-4a53-b85d-f64367bcdcd3', '2026-05-19T04:16:30.373Z');
INSERT INTO event_follows (`user_id`, `event_id`, `followed_at`) VALUES ('6fc88f9b-9a53-4392-a5b7-97c76dcc4460', '7105de81-654e-4f95-b6c3-d962f939d469', '2026-05-19T04:16:30.375Z');

DELETE FROM event_submissions;

DELETE FROM reminders;
INSERT INTO reminders (`id`, `user_id`, `event_id`, `reminder_data`, `notified`, `notified_at`, `created_at`, `updated_at`, `note`) VALUES ('7f042a57-99f2-44cc-a5ea-a1416fdfe1bf', '6fc88f9b-9a53-4392-a5b7-97c76dcc4460', '204c180c-49fc-4732-9efc-eb9940e06401', '{""type"":""event_date"",""label"":""イベント開催日"",""datetime"":""2026-06-13T07:33:00.000Z"",""event_id"":""204c180c-49fc-4732-9efc-eb9940e06401"",""event_name"":""痛車ミーティング 45""}', 0, NULL, '2026-05-19T04:16:30.428Z', '2026-05-19T04:16:30.428Z', NULL);

DELETE FROM user_notification_settings;
INSERT INTO user_notification_settings (`id`, `user_id`, `browser_notification_enabled`, `email_notification_enabled`, `created_at`, `updated_at`, `group_message_unread_notification_enabled`) VALUES ('009e0eec-91ea-4969-b7ea-49480a4dfeac', '8721f26a-5370-4215-bd7b-577879ef425c', 0, 1, '2026-04-06T14:44:48.894Z', '2026-04-06T14:44:48.894Z', 1);
INSERT INTO user_notification_settings (`id`, `user_id`, `browser_notification_enabled`, `email_notification_enabled`, `created_at`, `updated_at`, `group_message_unread_notification_enabled`) VALUES ('1266e202-c8f2-451d-af19-9f1d9578960e', 'bcc12152-011d-4421-b36d-2977240301f3', 0, 1, '2026-05-19T04:16:30.137Z', '2026-05-19T04:16:30.137Z', 1);
INSERT INTO user_notification_settings (`id`, `user_id`, `browser_notification_enabled`, `email_notification_enabled`, `created_at`, `updated_at`, `group_message_unread_notification_enabled`) VALUES ('b99f6f40-1301-4aaa-b4a5-ecc462996a44', '6fc88f9b-9a53-4392-a5b7-97c76dcc4460', 0, 1, '2026-04-06T14:44:48.896Z', '2026-04-06T14:44:48.896Z', 1);
INSERT INTO user_notification_settings (`id`, `user_id`, `browser_notification_enabled`, `email_notification_enabled`, `created_at`, `updated_at`, `group_message_unread_notification_enabled`) VALUES ('caa618bc-72b8-4c8d-9801-95bb73f9f083', 'cbb3aa44-fb78-4834-b9a2-a2fee765e1c0', 0, 1, '2026-04-06T14:44:48.901Z', '2026-04-06T14:44:48.901Z', 1);
INSERT INTO user_notification_settings (`id`, `user_id`, `browser_notification_enabled`, `email_notification_enabled`, `created_at`, `updated_at`, `group_message_unread_notification_enabled`) VALUES ('efdc9ff8-f959-4c24-9b6a-91720e97c617', '542b980d-ac40-4413-a1b3-4bc12042c9ce', 0, 1, '2026-04-06T14:44:48.898Z', '2026-04-06T14:44:48.898Z', 1);

DELETE FROM push_subscriptions;

DELETE FROM contact_submissions;

DELETE FROM organizer_applications;

DELETE FROM user_events;
INSERT INTO user_events (`user_id`, `event_id`, `group_id`, `status`, `push_subscription`, `created_at`, `updated_at`) VALUES ('542b980d-ac40-4413-a1b3-4bc12042c9ce', '204c180c-49fc-4732-9efc-eb9940e06401', NULL, 'INTERESTED', NULL, '2026-05-19T04:16:30.378Z', '2026-05-19T04:16:30.378Z');
INSERT INTO user_events (`user_id`, `event_id`, `group_id`, `status`, `push_subscription`, `created_at`, `updated_at`) VALUES ('542b980d-ac40-4413-a1b3-4bc12042c9ce', '223816a8-ce3f-4ac5-ba2b-68514d5c948f', NULL, 'INTERESTED', NULL, '2026-05-19T04:16:30.381Z', '2026-05-19T04:16:30.381Z');
INSERT INTO user_events (`user_id`, `event_id`, `group_id`, `status`, `push_subscription`, `created_at`, `updated_at`) VALUES ('542b980d-ac40-4413-a1b3-4bc12042c9ce', '23f78a2b-701c-4fff-8013-73154e6bb679', NULL, 'INTERESTED', NULL, '2026-05-19T04:16:30.385Z', '2026-05-19T04:16:30.385Z');
INSERT INTO user_events (`user_id`, `event_id`, `group_id`, `status`, `push_subscription`, `created_at`, `updated_at`) VALUES ('542b980d-ac40-4413-a1b3-4bc12042c9ce', '24fb8e74-4342-44bb-9cd5-d9ee5fecc866', NULL, 'INTERESTED', NULL, '2026-05-19T04:16:30.388Z', '2026-05-19T04:16:30.388Z');
INSERT INTO user_events (`user_id`, `event_id`, `group_id`, `status`, `push_subscription`, `created_at`, `updated_at`) VALUES ('542b980d-ac40-4413-a1b3-4bc12042c9ce', '2665915a-5e17-444d-a5ef-af0bab248acb', NULL, 'INTERESTED', NULL, '2026-05-19T04:16:30.392Z', '2026-05-19T04:16:30.392Z');
INSERT INTO user_events (`user_id`, `event_id`, `group_id`, `status`, `push_subscription`, `created_at`, `updated_at`) VALUES ('542b980d-ac40-4413-a1b3-4bc12042c9ce', '27a4e0f9-900d-4637-8f5e-31a1938ce01f', NULL, 'INTERESTED', NULL, '2026-05-19T04:16:30.395Z', '2026-05-19T04:16:30.395Z');
INSERT INTO user_events (`user_id`, `event_id`, `group_id`, `status`, `push_subscription`, `created_at`, `updated_at`) VALUES ('542b980d-ac40-4413-a1b3-4bc12042c9ce', '2e965cf2-458c-43f1-aad2-8950ac240bd0', NULL, 'INTERESTED', NULL, '2026-05-19T04:16:30.400Z', '2026-05-19T04:16:30.400Z');
INSERT INTO user_events (`user_id`, `event_id`, `group_id`, `status`, `push_subscription`, `created_at`, `updated_at`) VALUES ('542b980d-ac40-4413-a1b3-4bc12042c9ce', '32a6fa4f-00ef-4c58-9e0a-f30f38fa02a8', NULL, 'INTERESTED', NULL, '2026-05-19T04:16:30.403Z', '2026-05-19T04:16:30.403Z');
INSERT INTO user_events (`user_id`, `event_id`, `group_id`, `status`, `push_subscription`, `created_at`, `updated_at`) VALUES ('6fc88f9b-9a53-4392-a5b7-97c76dcc4460', '204c180c-49fc-4732-9efc-eb9940e06401', '33ea4fa0-f565-4898-b2cb-4f4645af98f2', 'INTERESTED', NULL, '2026-05-19T04:16:30.376Z', '2026-05-19T04:16:30.416Z');
INSERT INTO user_events (`user_id`, `event_id`, `group_id`, `status`, `push_subscription`, `created_at`, `updated_at`) VALUES ('6fc88f9b-9a53-4392-a5b7-97c76dcc4460', '223816a8-ce3f-4ac5-ba2b-68514d5c948f', NULL, 'INTERESTED', NULL, '2026-05-19T04:16:30.380Z', '2026-05-19T04:16:30.380Z');
INSERT INTO user_events (`user_id`, `event_id`, `group_id`, `status`, `push_subscription`, `created_at`, `updated_at`) VALUES ('6fc88f9b-9a53-4392-a5b7-97c76dcc4460', '23f78a2b-701c-4fff-8013-73154e6bb679', NULL, 'INTERESTED', NULL, '2026-05-19T04:16:30.383Z', '2026-05-19T04:16:30.383Z');
INSERT INTO user_events (`user_id`, `event_id`, `group_id`, `status`, `push_subscription`, `created_at`, `updated_at`) VALUES ('6fc88f9b-9a53-4392-a5b7-97c76dcc4460', '24fb8e74-4342-44bb-9cd5-d9ee5fecc866', NULL, 'INTERESTED', NULL, '2026-05-19T04:16:30.387Z', '2026-05-19T04:16:30.387Z');
INSERT INTO user_events (`user_id`, `event_id`, `group_id`, `status`, `push_subscription`, `created_at`, `updated_at`) VALUES ('6fc88f9b-9a53-4392-a5b7-97c76dcc4460', '2665915a-5e17-444d-a5ef-af0bab248acb', NULL, 'INTERESTED', NULL, '2026-05-19T04:16:30.390Z', '2026-05-19T04:16:30.390Z');
INSERT INTO user_events (`user_id`, `event_id`, `group_id`, `status`, `push_subscription`, `created_at`, `updated_at`) VALUES ('6fc88f9b-9a53-4392-a5b7-97c76dcc4460', '27a4e0f9-900d-4637-8f5e-31a1938ce01f', NULL, 'INTERESTED', NULL, '2026-05-19T04:16:30.393Z', '2026-05-19T04:16:30.393Z');
INSERT INTO user_events (`user_id`, `event_id`, `group_id`, `status`, `push_subscription`, `created_at`, `updated_at`) VALUES ('6fc88f9b-9a53-4392-a5b7-97c76dcc4460', '2e965cf2-458c-43f1-aad2-8950ac240bd0', NULL, 'INTERESTED', NULL, '2026-05-19T04:16:30.398Z', '2026-05-19T04:16:30.398Z');
INSERT INTO user_events (`user_id`, `event_id`, `group_id`, `status`, `push_subscription`, `created_at`, `updated_at`) VALUES ('6fc88f9b-9a53-4392-a5b7-97c76dcc4460', '32a6fa4f-00ef-4c58-9e0a-f30f38fa02a8', NULL, 'INTERESTED', NULL, '2026-05-19T04:16:30.401Z', '2026-05-19T04:16:30.401Z');
INSERT INTO user_events (`user_id`, `event_id`, `group_id`, `status`, `push_subscription`, `created_at`, `updated_at`) VALUES ('bcc12152-011d-4421-b36d-2977240301f3', 'e14aed48-ff52-4002-9c15-158b74f224e2', '65077477-3659-4dc9-b0dc-f3b0b2bb3d43', 'INTERESTED', NULL, '2026-07-13T06:12:24.410Z', '2026-07-13T06:12:24.410Z');
INSERT INTO user_events (`user_id`, `event_id`, `group_id`, `status`, `push_subscription`, `created_at`, `updated_at`) VALUES ('cbb3aa44-fb78-4834-b9a2-a2fee765e1c0', '204c180c-49fc-4732-9efc-eb9940e06401', '33ea4fa0-f565-4898-b2cb-4f4645af98f2', 'INTERESTED', NULL, '2026-05-19T04:16:30.414Z', '2026-05-19T04:16:30.414Z');
INSERT INTO user_events (`user_id`, `event_id`, `group_id`, `status`, `push_subscription`, `created_at`, `updated_at`) VALUES ('cbb3aa44-fb78-4834-b9a2-a2fee765e1c0', '223816a8-ce3f-4ac5-ba2b-68514d5c948f', '2e24460d-7c70-4dda-8287-1123bdce5309', 'INTERESTED', NULL, '2026-05-19T04:16:30.417Z', '2026-05-19T04:16:30.417Z');

DELETE FROM user_groups;
INSERT INTO user_groups (`user_id`, `group_id`, `event_id`, `status`, `created_at`, `updated_at`) VALUES ('542b980d-ac40-4413-a1b3-4bc12042c9ce', '33ea4fa0-f565-4898-b2cb-4f4645af98f2', '204c180c-49fc-4732-9efc-eb9940e06401', 'INTERESTED', '2026-05-19T04:16:30.411Z', '2026-05-19T04:16:30.411Z');
INSERT INTO user_groups (`user_id`, `group_id`, `event_id`, `status`, `created_at`, `updated_at`) VALUES ('6fc88f9b-9a53-4392-a5b7-97c76dcc4460', '2e24460d-7c70-4dda-8287-1123bdce5309', '223816a8-ce3f-4ac5-ba2b-68514d5c948f', 'INTERESTED', '2026-05-19T04:16:30.411Z', '2026-05-19T04:16:30.411Z');
INSERT INTO user_groups (`user_id`, `group_id`, `event_id`, `status`, `created_at`, `updated_at`) VALUES ('6fc88f9b-9a53-4392-a5b7-97c76dcc4460', '33ea4fa0-f565-4898-b2cb-4f4645af98f2', '204c180c-49fc-4732-9efc-eb9940e06401', 'JOINED', '2026-05-19T04:16:30.411Z', '2026-05-19T04:16:30.411Z');
INSERT INTO user_groups (`user_id`, `group_id`, `event_id`, `status`, `created_at`, `updated_at`) VALUES ('bcc12152-011d-4421-b36d-2977240301f3', '65077477-3659-4dc9-b0dc-f3b0b2bb3d43', 'e14aed48-ff52-4002-9c15-158b74f224e2', 'INTERESTED', '2026-07-13T06:12:24.403Z', '2026-07-13T06:12:24.403Z');
INSERT INTO user_groups (`user_id`, `group_id`, `event_id`, `status`, `created_at`, `updated_at`) VALUES ('cbb3aa44-fb78-4834-b9a2-a2fee765e1c0', '2e24460d-7c70-4dda-8287-1123bdce5309', '223816a8-ce3f-4ac5-ba2b-68514d5c948f', 'JOINED', '2026-05-19T04:16:30.411Z', '2026-05-19T04:16:30.411Z');
INSERT INTO user_groups (`user_id`, `group_id`, `event_id`, `status`, `created_at`, `updated_at`) VALUES ('cbb3aa44-fb78-4834-b9a2-a2fee765e1c0', '33ea4fa0-f565-4898-b2cb-4f4645af98f2', '204c180c-49fc-4732-9efc-eb9940e06401', 'JOINED', '2026-05-19T04:16:30.411Z', '2026-05-19T04:16:30.411Z');

PRAGMA foreign_keys = ON;
